# Blender 5.1.2
# www.blender.org
mtllib Crate.mtl
o Crate
v 0.666667 -1.000000 -0.666666
v -0.666667 -1.000000 -0.666666
v 0.666667 -1.000000 0.666667
v -0.666667 -1.000000 0.666667
v -0.666667 1.000000 -0.666667
v 0.666667 1.000000 -0.666667
v -0.666667 1.000000 0.666666
v 0.666667 1.000000 0.666666
v 1.000000 0.666667 -0.666667
v 1.000000 -0.666667 -0.666667
v 1.000000 0.666667 0.666667
v 1.000000 -0.666667 0.666667
v -1.000000 0.666667 0.666667
v -1.000000 -0.666667 0.666667
v -1.000000 0.666667 -0.666667
v -1.000000 -0.666667 -0.666667
v -0.666667 0.666666 -1.000000
v -0.666667 -0.666667 -1.000000
v 0.666667 0.666666 -1.000000
v 0.666667 -0.666667 -1.000000
v 0.666667 0.666667 1.000000
v 0.666667 -0.666666 1.000000
v -0.666667 0.666667 1.000000
v -0.666667 -0.666666 1.000000
v -1.095986 -1.095986 0.730658
v -1.095986 -1.095986 1.095987
v -0.730658 -1.095987 -1.095986
v -1.095986 -1.095987 -1.095986
v 1.095986 -0.730658 -1.095986
v 1.095986 -1.095987 -1.095986
v -1.095986 0.730658 1.095986
v -1.095986 1.095987 1.095986
v 1.095986 -0.730657 1.095987
v 1.095986 -1.095986 1.095987
v -1.095986 -0.730658 -1.095986
v -0.730658 1.095987 1.095986
v 1.095986 1.095987 0.730657
v 1.095986 1.095987 1.095986
v 0.730658 -1.095986 1.095987
v -1.095986 1.095986 -0.730658
v -1.095986 1.095986 -1.095987
v 0.730658 1.095986 -1.095987
v 1.095986 1.095986 -1.095987
v 1.095986 -1.095987 -0.730657
v -1.095986 -1.095987 -0.730657
v 1.095986 1.095986 -0.730658
v -1.095986 1.095987 0.730657
v 1.095986 -1.095986 0.730658
v 1.095986 -0.730658 -0.730658
v 1.095986 -0.730658 0.730658
v -0.730658 -1.095987 -0.730657
v -0.730658 -1.095986 0.730658
v -1.095986 -0.730658 0.730658
v -1.095986 -0.730658 -0.730658
v 0.730658 1.095986 -0.730658
v 0.730658 1.095987 0.730657
v 0.730658 -1.095987 -1.095986
v 0.730658 1.095987 1.095986
v -0.730658 -1.095986 1.095987
v -0.730658 1.095986 -1.095987
v 0.730658 -1.095987 -0.730657
v 0.730658 -1.095986 0.730658
v -0.730658 1.095986 -0.730658
v -0.730658 1.095987 0.730657
v -0.730658 -0.730658 -1.095986
v 0.730658 -0.730658 -1.095986
v 0.730658 -0.730657 1.095987
v -0.730658 -0.730657 1.095987
v 1.095986 0.730657 -1.095987
v -1.095986 -0.730657 1.095987
v 1.095986 0.730658 1.095986
v -1.095986 0.730657 -1.095987
v 1.095986 0.730658 -0.730658
v 1.095986 0.730658 0.730658
v -1.095986 0.730658 0.730658
v -1.095986 0.730658 -0.730658
v -0.730658 0.730657 -1.095987
v 0.730658 0.730657 -1.095987
v 0.730658 0.730658 1.095986
v -0.730658 0.730658 1.095986
v -0.869498 0.696538 1.184006
v -0.601782 0.937577 1.184006
v -0.869498 0.696538 1.066089
v -0.601782 0.937577 1.066089
v 0.601782 -0.937577 1.184006
v 0.869498 -0.696537 1.184006
v 0.601782 -0.937577 1.066089
v 0.869498 -0.696537 1.066089
v -0.597837 0.782757 1.178920
v -0.631821 0.796833 1.178920
v -0.645898 0.830817 1.178920
v -0.631821 0.864801 1.178920
v -0.597837 0.878878 1.178920
v -0.563853 0.864801 1.178920
v -0.549776 0.830817 1.178920
v -0.563853 0.796833 1.178920
v -0.597837 0.782757 1.206637
v -0.631821 0.796833 1.206637
v -0.645898 0.830817 1.206637
v -0.631821 0.864801 1.206637
v -0.597837 0.878878 1.206637
v -0.563853 0.864801 1.206637
v -0.549776 0.830817 1.206637
v -0.563853 0.796833 1.206637
v -0.625576 0.803078 1.214572
v -0.597837 0.791588 1.214572
v -0.637066 0.830817 1.214572
v -0.625576 0.858557 1.214572
v -0.597837 0.870047 1.214572
v -0.570097 0.858557 1.214572
v -0.558607 0.830817 1.214572
v -0.570097 0.803078 1.214572
v -0.597837 0.878878 1.197214
v -0.631821 0.864801 1.197214
v -0.597837 0.782757 1.197214
v -0.563853 0.796833 1.197214
v -0.597837 0.870047 1.205149
v -0.625576 0.858557 1.205149
v -0.597837 0.791588 1.205149
v -0.570097 0.803078 1.205149
v -0.809537 0.671419 1.178920
v -0.783114 0.645828 1.178920
v -0.746335 0.646415 1.178920
v -0.720743 0.672838 1.178920
v -0.810124 0.708199 1.178920
v -0.784533 0.734621 1.178920
v -0.747753 0.735209 1.178920
v -0.721331 0.709617 1.178920
v -0.720743 0.672838 1.206637
v -0.746335 0.646415 1.206637
v -0.783114 0.645828 1.206637
v -0.809537 0.671419 1.206637
v -0.810124 0.708199 1.206637
v -0.784533 0.734621 1.206637
v -0.747753 0.735209 1.206637
v -0.721331 0.709617 1.206637
v -0.749844 0.654519 1.214572
v -0.728955 0.676086 1.214572
v -0.779866 0.654040 1.214572
v -0.801433 0.674929 1.214572
v -0.801912 0.704950 1.214572
v -0.781023 0.726517 1.214572
v -0.751002 0.726997 1.214572
v -0.729435 0.706108 1.214572
v -0.810124 0.708199 1.197213
v -0.809537 0.671419 1.197213
v -0.720743 0.672838 1.197214
v -0.721331 0.709617 1.197214
v -0.801912 0.704950 1.205149
v -0.801433 0.674929 1.205149
v -0.728955 0.676086 1.205149
v -0.729435 0.706108 1.205149
v 0.750727 -0.733325 1.178920
v 0.787196 -0.738123 1.178920
v 0.816377 -0.715728 1.178920
v 0.821176 -0.679258 1.178920
v 0.728331 -0.704144 1.178920
v 0.733130 -0.667674 1.178920
v 0.762311 -0.645279 1.178920
v 0.798781 -0.650077 1.178920
v 0.821176 -0.679258 1.206637
v 0.816377 -0.715728 1.206637
v 0.787196 -0.738123 1.206637
v 0.750727 -0.733325 1.206637
v 0.728331 -0.704144 1.206637
v 0.733130 -0.667674 1.206637
v 0.762311 -0.645279 1.206637
v 0.798781 -0.650077 1.206637
v 0.808729 -0.711313 1.214572
v 0.812646 -0.681545 1.214572
v 0.784910 -0.729593 1.214572
v 0.755142 -0.725676 1.214572
v 0.736862 -0.701858 1.214572
v 0.740778 -0.672089 1.214572
v 0.764597 -0.653809 1.214572
v 0.794366 -0.657726 1.214572
v 0.728331 -0.704144 1.197214
v 0.750727 -0.733325 1.197214
v 0.821176 -0.679258 1.197214
v 0.798781 -0.650077 1.197214
v 0.736862 -0.701858 1.205149
v 0.755142 -0.725676 1.205149
v 0.812646 -0.681545 1.205149
v 0.794366 -0.657726 1.205149
v 0.644193 -0.847786 1.178920
v 0.662450 -0.815852 1.178920
v 0.652780 -0.780362 1.178920
v 0.620846 -0.762105 1.178920
v 0.608703 -0.857457 1.178920
v 0.576770 -0.839199 1.178920
v 0.567099 -0.803709 1.178920
v 0.585356 -0.771776 1.178920
v 0.620846 -0.762105 1.206637
v 0.652780 -0.780362 1.206637
v 0.662450 -0.815852 1.206637
v 0.644193 -0.847786 1.206637
v 0.608703 -0.857457 1.206637
v 0.576770 -0.839199 1.206637
v 0.567099 -0.803709 1.206637
v 0.585356 -0.771776 1.206637
v 0.645796 -0.785768 1.214572
v 0.619730 -0.770866 1.214572
v 0.653690 -0.814737 1.214572
v 0.638787 -0.840802 1.214572
v 0.609819 -0.848696 1.214572
v 0.583753 -0.833794 1.214572
v 0.575859 -0.804825 1.214572
v 0.590762 -0.778759 1.214572
v 0.608703 -0.857457 1.197214
v 0.644193 -0.847786 1.197214
v 0.620846 -0.762105 1.197214
v 0.585356 -0.771776 1.197214
v 0.609819 -0.848696 1.205149
v 0.638787 -0.840802 1.205149
v 0.619730 -0.770866 1.205149
v 0.590762 -0.778759 1.205149
v -1.184006 0.696537 -0.869499
v -1.184006 0.937577 -0.601782
v -1.066089 0.696537 -0.869499
v -1.066089 0.937577 -0.601782
v -1.184006 -0.937577 0.601782
v -1.184006 -0.696537 0.869498
v -1.066089 -0.937577 0.601782
v -1.066089 -0.696537 0.869498
v -1.178921 0.782756 -0.597837
v -1.178920 0.796833 -0.631821
v -1.178920 0.830817 -0.645898
v -1.178921 0.864801 -0.631821
v -1.178920 0.878878 -0.597837
v -1.178920 0.864801 -0.563853
v -1.178921 0.830817 -0.549776
v -1.178921 0.796833 -0.563853
v -1.206637 0.782756 -0.597837
v -1.206637 0.796833 -0.631821
v -1.206637 0.830817 -0.645898
v -1.206637 0.864801 -0.631821
v -1.206637 0.878878 -0.597837
v -1.206637 0.864801 -0.563853
v -1.206637 0.830817 -0.549776
v -1.206637 0.796833 -0.563853
v -1.214573 0.803078 -0.625576
v -1.214573 0.791587 -0.597837
v -1.214573 0.830817 -0.637066
v -1.214573 0.858556 -0.625576
v -1.214573 0.870046 -0.597837
v -1.214573 0.858556 -0.570098
v -1.214573 0.830817 -0.558608
v -1.214573 0.803078 -0.570098
v -1.197214 0.878878 -0.597837
v -1.197214 0.864801 -0.631821
v -1.197214 0.782756 -0.597837
v -1.197214 0.796833 -0.563853
v -1.205149 0.870046 -0.597837
v -1.205149 0.858556 -0.625576
v -1.205149 0.791587 -0.597837
v -1.205149 0.803078 -0.570098
v -1.178920 0.671419 -0.809537
v -1.178920 0.645828 -0.783115
v -1.178920 0.646415 -0.746335
v -1.178921 0.672837 -0.720744
v -1.178920 0.708198 -0.810124
v -1.178920 0.734621 -0.784533
v -1.178921 0.735208 -0.747753
v -1.178921 0.709617 -0.721331
v -1.206637 0.672837 -0.720744
v -1.206637 0.646415 -0.746335
v -1.206637 0.645828 -0.783115
v -1.206637 0.671419 -0.809537
v -1.206637 0.708198 -0.810124
v -1.206637 0.734621 -0.784533
v -1.206637 0.735208 -0.747753
v -1.206637 0.709617 -0.721331
v -1.214572 0.654519 -0.749845
v -1.214573 0.676086 -0.728956
v -1.214573 0.654040 -0.779866
v -1.214572 0.674928 -0.801433
v -1.214572 0.704950 -0.801912
v -1.214572 0.726517 -0.781023
v -1.214573 0.726996 -0.751002
v -1.214573 0.706107 -0.729435
v -1.197214 0.708198 -0.810124
v -1.197214 0.671419 -0.809537
v -1.197214 0.672837 -0.720744
v -1.197214 0.709617 -0.721331
v -1.205149 0.704950 -0.801912
v -1.205149 0.674928 -0.801433
v -1.205149 0.676086 -0.728956
v -1.205149 0.706107 -0.729435
v -1.178920 -0.733325 0.750727
v -1.178920 -0.738123 0.787197
v -1.178920 -0.715728 0.816378
v -1.178920 -0.679258 0.821176
v -1.178920 -0.704144 0.728332
v -1.178920 -0.667674 0.733130
v -1.178920 -0.645279 0.762311
v -1.178920 -0.650077 0.798781
v -1.206637 -0.679258 0.821176
v -1.206637 -0.715728 0.816378
v -1.206637 -0.738123 0.787197
v -1.206637 -0.733325 0.750727
v -1.206637 -0.704144 0.728332
v -1.206637 -0.667674 0.733130
v -1.206637 -0.645279 0.762311
v -1.206637 -0.650077 0.798781
v -1.214572 -0.711313 0.808729
v -1.214572 -0.681545 0.812646
v -1.214572 -0.729593 0.784910
v -1.214572 -0.725676 0.755142
v -1.214572 -0.701858 0.736862
v -1.214572 -0.672089 0.740778
v -1.214572 -0.653809 0.764597
v -1.214572 -0.657726 0.794366
v -1.197213 -0.704144 0.728332
v -1.197213 -0.733325 0.750727
v -1.197213 -0.679258 0.821176
v -1.197213 -0.650077 0.798781
v -1.205149 -0.701858 0.736862
v -1.205149 -0.725676 0.755142
v -1.205149 -0.681545 0.812646
v -1.205149 -0.657726 0.794366
v -1.178920 -0.847786 0.644193
v -1.178920 -0.815852 0.662450
v -1.178920 -0.780362 0.652780
v -1.178920 -0.762105 0.620846
v -1.178920 -0.857457 0.608703
v -1.178920 -0.839200 0.576770
v -1.178920 -0.803709 0.567099
v -1.178920 -0.771776 0.585356
v -1.206637 -0.762105 0.620846
v -1.206637 -0.780362 0.652780
v -1.206637 -0.815852 0.662450
v -1.206637 -0.847786 0.644193
v -1.206637 -0.857457 0.608703
v -1.206637 -0.839200 0.576770
v -1.206637 -0.803709 0.567099
v -1.206637 -0.771776 0.585356
v -1.214572 -0.785768 0.645796
v -1.214572 -0.770866 0.619731
v -1.214572 -0.814737 0.653690
v -1.214572 -0.840802 0.638788
v -1.214572 -0.848696 0.609819
v -1.214572 -0.833794 0.583753
v -1.214572 -0.804825 0.575859
v -1.214572 -0.778759 0.590762
v -1.197213 -0.857457 0.608703
v -1.197213 -0.847786 0.644193
v -1.197213 -0.762105 0.620846
v -1.197213 -0.771776 0.585356
v -1.205149 -0.848696 0.609819
v -1.205149 -0.840802 0.638788
v -1.205149 -0.770866 0.619731
v -1.205149 -0.778759 0.590762
v 0.869499 0.696537 -1.184006
v 0.601782 0.937577 -1.184006
v 0.869499 0.696537 -1.066089
v 0.601782 0.937577 -1.066089
v -0.601781 -0.937577 -1.184006
v -0.869498 -0.696538 -1.184006
v -0.601781 -0.937577 -1.066089
v -0.869498 -0.696538 -1.066089
v 0.597837 0.782756 -1.178920
v 0.631821 0.796833 -1.178920
v 0.645898 0.830817 -1.178920
v 0.631821 0.864801 -1.178920
v 0.597837 0.878878 -1.178920
v 0.563853 0.864801 -1.178920
v 0.549776 0.830817 -1.178920
v 0.563853 0.796833 -1.178920
v 0.597837 0.782756 -1.206637
v 0.631821 0.796833 -1.206637
v 0.645898 0.830817 -1.206637
v 0.631821 0.864801 -1.206637
v 0.597837 0.878878 -1.206637
v 0.563853 0.864801 -1.206637
v 0.549776 0.830817 -1.206637
v 0.563853 0.796833 -1.206637
v 0.625577 0.803078 -1.214572
v 0.597837 0.791587 -1.214572
v 0.637067 0.830817 -1.214572
v 0.625577 0.858556 -1.214572
v 0.597837 0.870046 -1.214572
v 0.570098 0.858556 -1.214572
v 0.558608 0.830817 -1.214572
v 0.570098 0.803077 -1.214572
v 0.597837 0.878878 -1.197214
v 0.631821 0.864801 -1.197214
v 0.597837 0.782756 -1.197214
v 0.563853 0.796833 -1.197214
v 0.597837 0.870046 -1.205149
v 0.625577 0.858556 -1.205149
v 0.597837 0.791587 -1.205149
v 0.570098 0.803077 -1.205149
v 0.809537 0.671419 -1.178920
v 0.783115 0.645827 -1.178920
v 0.746335 0.646415 -1.178920
v 0.720744 0.672837 -1.178920
v 0.810125 0.708198 -1.178920
v 0.784533 0.734621 -1.178920
v 0.747754 0.735208 -1.178920
v 0.721331 0.709617 -1.178920
v 0.720744 0.672837 -1.206637
v 0.746335 0.646415 -1.206637
v 0.783115 0.645827 -1.206637
v 0.809537 0.671419 -1.206637
v 0.810125 0.708198 -1.206637
v 0.784533 0.734621 -1.206637
v 0.747754 0.735208 -1.206637
v 0.721331 0.709617 -1.206637
v 0.749845 0.654519 -1.214572
v 0.728956 0.676086 -1.214572
v 0.779866 0.654040 -1.214572
v 0.801433 0.674928 -1.214572
v 0.801913 0.704950 -1.214572
v 0.781024 0.726517 -1.214572
v 0.751002 0.726996 -1.214572
v 0.729435 0.706107 -1.214572
v 0.810125 0.708198 -1.197213
v 0.809537 0.671419 -1.197213
v 0.720744 0.672837 -1.197214
v 0.721331 0.709617 -1.197214
v 0.801913 0.704950 -1.205149
v 0.801433 0.674928 -1.205149
v 0.728956 0.676086 -1.205149
v 0.729435 0.706107 -1.205149
v -0.750726 -0.733325 -1.178920
v -0.787196 -0.738124 -1.178920
v -0.816377 -0.715728 -1.178920
v -0.821175 -0.679259 -1.178920
v -0.728331 -0.704144 -1.178920
v -0.733129 -0.667674 -1.178920
v -0.762310 -0.645279 -1.178920
v -0.798780 -0.650078 -1.178920
v -0.821175 -0.679259 -1.206637
v -0.816377 -0.715728 -1.206637
v -0.787196 -0.738124 -1.206637
v -0.750726 -0.733325 -1.206637
v -0.728331 -0.704144 -1.206637
v -0.733129 -0.667674 -1.206637
v -0.762310 -0.645279 -1.206637
v -0.798780 -0.650078 -1.206637
v -0.808728 -0.711313 -1.214572
v -0.812645 -0.681545 -1.214572
v -0.784910 -0.729593 -1.214572
v -0.755141 -0.725677 -1.214572
v -0.736861 -0.701858 -1.214572
v -0.740778 -0.672089 -1.214572
v -0.764597 -0.653809 -1.214572
v -0.794365 -0.657726 -1.214572
v -0.728331 -0.704144 -1.197214
v -0.750726 -0.733325 -1.197214
v -0.821175 -0.679259 -1.197214
v -0.798780 -0.650078 -1.197214
v -0.736861 -0.701858 -1.205149
v -0.755141 -0.725677 -1.205149
v -0.812645 -0.681545 -1.205149
v -0.794365 -0.657726 -1.205149
v -0.644193 -0.847786 -1.178920
v -0.662450 -0.815853 -1.178920
v -0.652779 -0.780363 -1.178920
v -0.620846 -0.762106 -1.178920
v -0.608703 -0.857457 -1.178920
v -0.576769 -0.839200 -1.178920
v -0.567098 -0.803710 -1.178920
v -0.585356 -0.771776 -1.178920
v -0.620846 -0.762106 -1.206637
v -0.652779 -0.780363 -1.206637
v -0.662450 -0.815853 -1.206637
v -0.644193 -0.847786 -1.206637
v -0.608703 -0.857457 -1.206637
v -0.576769 -0.839200 -1.206637
v -0.567098 -0.803710 -1.206637
v -0.585355 -0.771776 -1.206637
v -0.645796 -0.785768 -1.214572
v -0.619730 -0.770866 -1.214572
v -0.653689 -0.814737 -1.214572
v -0.638787 -0.840803 -1.214572
v -0.609818 -0.848696 -1.214572
v -0.583753 -0.833794 -1.214572
v -0.575859 -0.804825 -1.214572
v -0.590761 -0.778760 -1.214572
v -0.608703 -0.857457 -1.197214
v -0.644193 -0.847786 -1.197214
v -0.620846 -0.762106 -1.197214
v -0.585355 -0.771776 -1.197214
v -0.609818 -0.848696 -1.205149
v -0.638787 -0.840803 -1.205149
v -0.619730 -0.770866 -1.205149
v -0.590761 -0.778760 -1.205149
v 1.184005 0.696538 0.869499
v 1.184005 0.937577 0.601782
v 1.066088 0.696538 0.869499
v 1.066089 0.937577 0.601782
v 1.184006 -0.937577 -0.601781
v 1.184006 -0.696538 -0.869498
v 1.066089 -0.937577 -0.601781
v 1.066089 -0.696538 -0.869498
v 1.178920 0.782756 0.597837
v 1.178920 0.796833 0.631821
v 1.178920 0.830817 0.645898
v 1.178920 0.864801 0.631821
v 1.178920 0.878878 0.597837
v 1.178920 0.864801 0.563853
v 1.178920 0.830817 0.549776
v 1.178920 0.796833 0.563853
v 1.206637 0.782756 0.597837
v 1.206637 0.796833 0.631821
v 1.206637 0.830817 0.645898
v 1.206637 0.864801 0.631821
v 1.206637 0.878878 0.597837
v 1.206637 0.864801 0.563853
v 1.206637 0.830817 0.549776
v 1.206637 0.796833 0.563853
v 1.214572 0.803078 0.625577
v 1.214572 0.791588 0.597837
v 1.214572 0.830817 0.637067
v 1.214572 0.858557 0.625577
v 1.214572 0.870047 0.597837
v 1.214572 0.858557 0.570098
v 1.214572 0.830817 0.558608
v 1.214572 0.803078 0.570098
v 1.197213 0.878878 0.597837
v 1.197213 0.864801 0.631821
v 1.197213 0.782756 0.597837
v 1.197213 0.796833 0.563853
v 1.205149 0.870047 0.597837
v 1.205149 0.858557 0.625577
v 1.205149 0.791588 0.597837
v 1.205149 0.803078 0.570098
v 1.178920 0.671419 0.809537
v 1.178920 0.645828 0.783115
v 1.178920 0.646415 0.746335
v 1.178920 0.672838 0.720744
v 1.178920 0.708199 0.810125
v 1.178920 0.734621 0.784533
v 1.178920 0.735209 0.747754
v 1.178920 0.709617 0.721331
v 1.206637 0.672838 0.720744
v 1.206637 0.646415 0.746335
v 1.206637 0.645828 0.783115
v 1.206637 0.671419 0.809537
v 1.206637 0.708199 0.810125
v 1.206637 0.734621 0.784533
v 1.206637 0.735209 0.747754
v 1.206637 0.709617 0.721331
v 1.214572 0.654519 0.749845
v 1.214572 0.676086 0.728956
v 1.214572 0.654040 0.779866
v 1.214572 0.674929 0.801433
v 1.214572 0.704950 0.801913
v 1.214572 0.726517 0.781024
v 1.214572 0.726997 0.751003
v 1.214572 0.706108 0.729435
v 1.197213 0.708199 0.810125
v 1.197213 0.671419 0.809537
v 1.197213 0.672838 0.720744
v 1.197213 0.709617 0.721331
v 1.205149 0.704950 0.801913
v 1.205149 0.674929 0.801433
v 1.205149 0.676086 0.728956
v 1.205149 0.706108 0.729435
v 1.178921 -0.733325 -0.750726
v 1.178921 -0.738123 -0.787196
v 1.178921 -0.715728 -0.816377
v 1.178921 -0.679258 -0.821175
v 1.178921 -0.704144 -0.728331
v 1.178921 -0.667674 -0.733129
v 1.178921 -0.645279 -0.762310
v 1.178921 -0.650077 -0.798780
v 1.206637 -0.679258 -0.821175
v 1.206637 -0.715728 -0.816377
v 1.206637 -0.738123 -0.787196
v 1.206637 -0.733325 -0.750726
v 1.206637 -0.704144 -0.728331
v 1.206637 -0.667674 -0.733129
v 1.206637 -0.645279 -0.762310
v 1.206637 -0.650077 -0.798780
v 1.214573 -0.711313 -0.808728
v 1.214573 -0.681545 -0.812645
v 1.214573 -0.729593 -0.784909
v 1.214573 -0.725677 -0.755141
v 1.214573 -0.701858 -0.736861
v 1.214573 -0.672089 -0.740778
v 1.214573 -0.653809 -0.764596
v 1.214573 -0.657726 -0.794365
v 1.197214 -0.704144 -0.728331
v 1.197214 -0.733325 -0.750726
v 1.197214 -0.679258 -0.821175
v 1.197214 -0.650077 -0.798780
v 1.205149 -0.701858 -0.736861
v 1.205149 -0.725677 -0.755141
v 1.205149 -0.681545 -0.812645
v 1.205149 -0.657726 -0.794365
v 1.178921 -0.847786 -0.644193
v 1.178921 -0.815853 -0.662450
v 1.178921 -0.780362 -0.652779
v 1.178921 -0.762105 -0.620845
v 1.178921 -0.857457 -0.608702
v 1.178921 -0.839200 -0.576769
v 1.178921 -0.803710 -0.567098
v 1.178921 -0.771776 -0.585355
v 1.206637 -0.762105 -0.620845
v 1.206637 -0.780363 -0.652779
v 1.206637 -0.815853 -0.662450
v 1.206637 -0.847786 -0.644193
v 1.206637 -0.857457 -0.608702
v 1.206637 -0.839200 -0.576769
v 1.206637 -0.803710 -0.567098
v 1.206637 -0.771776 -0.585355
v 1.214573 -0.785768 -0.645795
v 1.214573 -0.770866 -0.619730
v 1.214573 -0.814737 -0.653689
v 1.214573 -0.840803 -0.638787
v 1.214573 -0.848696 -0.609818
v 1.214573 -0.833794 -0.583752
v 1.214573 -0.804825 -0.575859
v 1.214573 -0.778760 -0.590761
v 1.197214 -0.857457 -0.608702
v 1.197214 -0.847786 -0.644193
v 1.197214 -0.762105 -0.620845
v 1.197214 -0.771776 -0.585355
v 1.205149 -0.848696 -0.609818
v 1.205149 -0.840803 -0.638787
v 1.205149 -0.770866 -0.619730
v 1.205149 -0.778760 -0.590761
v 0.869499 1.184006 0.696537
v 0.601782 1.184006 0.937577
v 0.869499 1.066089 0.696537
v 0.601782 1.066089 0.937577
v -0.601781 1.184006 -0.937577
v -0.869498 1.184006 -0.696538
v -0.601781 1.066089 -0.937577
v -0.869498 1.066089 -0.696538
v 0.597837 1.178920 0.782756
v 0.631821 1.178920 0.796833
v 0.645898 1.178920 0.830817
v 0.631821 1.178920 0.864801
v 0.597837 1.178920 0.878878
v 0.563853 1.178920 0.864801
v 0.549776 1.178920 0.830817
v 0.563853 1.178920 0.796833
v 0.597837 1.206637 0.782756
v 0.631821 1.206637 0.796833
v 0.645898 1.206637 0.830817
v 0.631821 1.206637 0.864801
v 0.597837 1.206637 0.878878
v 0.563853 1.206637 0.864801
v 0.549776 1.206637 0.830817
v 0.563853 1.206637 0.796833
v 0.625577 1.214572 0.803078
v 0.597837 1.214572 0.791588
v 0.637067 1.214572 0.830817
v 0.625577 1.214572 0.858556
v 0.597837 1.214572 0.870046
v 0.570098 1.214572 0.858556
v 0.558608 1.214572 0.830817
v 0.570098 1.214572 0.803078
v 0.597837 1.197214 0.878878
v 0.631821 1.197214 0.864801
v 0.597837 1.197214 0.782756
v 0.563853 1.197214 0.796833
v 0.597837 1.205149 0.870046
v 0.625577 1.205149 0.858556
v 0.597837 1.205149 0.791588
v 0.570098 1.205149 0.803078
v 0.809537 1.178920 0.671419
v 0.783115 1.178920 0.645828
v 0.746335 1.178920 0.646415
v 0.720744 1.178920 0.672837
v 0.810125 1.178920 0.708199
v 0.784533 1.178920 0.734621
v 0.747754 1.178920 0.735208
v 0.721331 1.178920 0.709617
v 0.720744 1.206637 0.672837
v 0.746335 1.206637 0.646415
v 0.783115 1.206637 0.645828
v 0.809537 1.206637 0.671419
v 0.810125 1.206637 0.708199
v 0.784533 1.206637 0.734621
v 0.747754 1.206637 0.735208
v 0.721331 1.206637 0.709617
v 0.749845 1.214572 0.654519
v 0.728956 1.214572 0.676086
v 0.779866 1.214572 0.654040
v 0.801433 1.214572 0.674929
v 0.801913 1.214572 0.704950
v 0.781024 1.214572 0.726517
v 0.751002 1.214572 0.726996
v 0.729435 1.214572 0.706107
v 0.810125 1.197213 0.708199
v 0.809537 1.197213 0.671419
v 0.720744 1.197214 0.672837
v 0.721331 1.197214 0.709617
v 0.801913 1.205149 0.704950
v 0.801433 1.205149 0.674929
v 0.728956 1.205149 0.676086
v 0.729435 1.205149 0.706107
v -0.750726 1.178920 -0.733325
v -0.787196 1.178920 -0.738124
v -0.816377 1.178920 -0.715728
v -0.821175 1.178920 -0.679259
v -0.728331 1.178920 -0.704144
v -0.733129 1.178920 -0.667674
v -0.762310 1.178920 -0.645279
v -0.798780 1.178920 -0.650078
v -0.821175 1.206637 -0.679259
v -0.816377 1.206637 -0.715728
v -0.787196 1.206637 -0.738124
v -0.750726 1.206637 -0.733325
v -0.728331 1.206637 -0.704144
v -0.733129 1.206637 -0.667674
v -0.762310 1.206637 -0.645279
v -0.798780 1.206637 -0.650078
v -0.808728 1.214572 -0.711313
v -0.812645 1.214572 -0.681545
v -0.784910 1.214572 -0.729593
v -0.755141 1.214572 -0.725677
v -0.736861 1.214572 -0.701858
v -0.740778 1.214572 -0.672089
v -0.764597 1.214572 -0.653809
v -0.794365 1.214572 -0.657726
v -0.728331 1.197214 -0.704144
v -0.750726 1.197214 -0.733325
v -0.821175 1.197214 -0.679259
v -0.798780 1.197214 -0.650078
v -0.736861 1.205149 -0.701858
v -0.755141 1.205149 -0.725677
v -0.812645 1.205149 -0.681545
v -0.794365 1.205149 -0.657726
v -0.644193 1.178920 -0.847786
v -0.662450 1.178920 -0.815853
v -0.652779 1.178920 -0.780363
v -0.620846 1.178920 -0.762106
v -0.608703 1.178920 -0.857457
v -0.576769 1.178920 -0.839200
v -0.567098 1.178920 -0.803710
v -0.585355 1.178920 -0.771776
v -0.620846 1.206637 -0.762106
v -0.652779 1.206637 -0.780363
v -0.662450 1.206637 -0.815853
v -0.644193 1.206637 -0.847786
v -0.608703 1.206637 -0.857457
v -0.576769 1.206637 -0.839200
v -0.567098 1.206637 -0.803710
v -0.585355 1.206637 -0.771776
v -0.645796 1.214572 -0.785768
v -0.619730 1.214572 -0.770866
v -0.653689 1.214572 -0.814737
v -0.638787 1.214572 -0.840803
v -0.609818 1.214572 -0.848696
v -0.583753 1.214572 -0.833794
v -0.575859 1.214572 -0.804825
v -0.590761 1.214572 -0.778760
v -0.608703 1.197214 -0.857457
v -0.644193 1.197214 -0.847786
v -0.620846 1.197214 -0.762106
v -0.585355 1.197214 -0.771776
v -0.609818 1.205149 -0.848696
v -0.638787 1.205149 -0.840803
v -0.619730 1.205149 -0.770866
v -0.590761 1.205149 -0.778760
v 0.869499 -1.184006 -0.696537
v 0.601782 -1.184006 -0.937577
v 0.869499 -1.066089 -0.696537
v 0.601782 -1.066089 -0.937577
v -0.601781 -1.184006 0.937577
v -0.869498 -1.184006 0.696538
v -0.601781 -1.066089 0.937577
v -0.869498 -1.066089 0.696538
v 0.597837 -1.178920 -0.782756
v 0.631821 -1.178920 -0.796833
v 0.645898 -1.178920 -0.830817
v 0.631821 -1.178920 -0.864801
v 0.597837 -1.178920 -0.878878
v 0.563853 -1.178920 -0.864801
v 0.549776 -1.178920 -0.830817
v 0.563853 -1.178920 -0.796833
v 0.597837 -1.206637 -0.782756
v 0.631821 -1.206637 -0.796833
v 0.645898 -1.206637 -0.830817
v 0.631821 -1.206637 -0.864801
v 0.597837 -1.206637 -0.878878
v 0.563853 -1.206637 -0.864801
v 0.549776 -1.206637 -0.830817
v 0.563853 -1.206637 -0.796833
v 0.625576 -1.214572 -0.803078
v 0.597837 -1.214572 -0.791588
v 0.637066 -1.214572 -0.830817
v 0.625576 -1.214572 -0.858556
v 0.597837 -1.214572 -0.870046
v 0.570098 -1.214572 -0.858556
v 0.558608 -1.214572 -0.830817
v 0.570098 -1.214572 -0.803078
v 0.597837 -1.197214 -0.878878
v 0.631821 -1.197214 -0.864801
v 0.597837 -1.197214 -0.782756
v 0.563853 -1.197214 -0.796833
v 0.597837 -1.205149 -0.870046
v 0.625576 -1.205149 -0.858556
v 0.597837 -1.205149 -0.791588
v 0.570098 -1.205149 -0.803078
v 0.809537 -1.178920 -0.671419
v 0.783115 -1.178920 -0.645828
v 0.746335 -1.178920 -0.646415
v 0.720744 -1.178920 -0.672837
v 0.810125 -1.178920 -0.708199
v 0.784533 -1.178920 -0.734621
v 0.747754 -1.178920 -0.735208
v 0.721331 -1.178920 -0.709617
v 0.720744 -1.206637 -0.672837
v 0.746335 -1.206637 -0.646415
v 0.783115 -1.206637 -0.645828
v 0.809537 -1.206637 -0.671419
v 0.810125 -1.206637 -0.708199
v 0.784533 -1.206637 -0.734621
v 0.747754 -1.206637 -0.735208
v 0.721331 -1.206637 -0.709617
v 0.749845 -1.214572 -0.654519
v 0.728956 -1.214572 -0.676086
v 0.779866 -1.214572 -0.654040
v 0.801433 -1.214572 -0.674929
v 0.801913 -1.214572 -0.704950
v 0.781024 -1.214572 -0.726517
v 0.751002 -1.214572 -0.726996
v 0.729435 -1.214572 -0.706107
v 0.810125 -1.197213 -0.708199
v 0.809537 -1.197213 -0.671419
v 0.720744 -1.197214 -0.672837
v 0.721331 -1.197214 -0.709617
v 0.801913 -1.205149 -0.704950
v 0.801433 -1.205149 -0.674929
v 0.728956 -1.205149 -0.676086
v 0.729435 -1.205149 -0.706107
v -0.750726 -1.178920 0.733325
v -0.787196 -1.178920 0.738124
v -0.816377 -1.178920 0.715728
v -0.821175 -1.178920 0.679259
v -0.728331 -1.178920 0.704144
v -0.733129 -1.178920 0.667674
v -0.762310 -1.178920 0.645279
v -0.798780 -1.178920 0.650078
v -0.821175 -1.206637 0.679259
v -0.816377 -1.206637 0.715728
v -0.787196 -1.206637 0.738124
v -0.750726 -1.206637 0.733325
v -0.728331 -1.206637 0.704144
v -0.733129 -1.206637 0.667674
v -0.762310 -1.206637 0.645279
v -0.798780 -1.206637 0.650078
v -0.808728 -1.214572 0.711313
v -0.812645 -1.214572 0.681545
v -0.784909 -1.214572 0.729593
v -0.755141 -1.214572 0.725677
v -0.736861 -1.214572 0.701858
v -0.740778 -1.214572 0.672090
v -0.764597 -1.214572 0.653810
v -0.794365 -1.214572 0.657726
v -0.728331 -1.197214 0.704144
v -0.750726 -1.197214 0.733325
v -0.821175 -1.197214 0.679259
v -0.798780 -1.197214 0.650078
v -0.736861 -1.205149 0.701858
v -0.755141 -1.205149 0.725677
v -0.812645 -1.205149 0.681545
v -0.794365 -1.205149 0.657726
v -0.644193 -1.178920 0.847786
v -0.662450 -1.178920 0.815853
v -0.652779 -1.178920 0.780363
v -0.620846 -1.178920 0.762106
v -0.608703 -1.178920 0.857457
v -0.576769 -1.178920 0.839200
v -0.567098 -1.178920 0.803710
v -0.585355 -1.178920 0.771776
v -0.620846 -1.206637 0.762106
v -0.652779 -1.206637 0.780363
v -0.662450 -1.206637 0.815853
v -0.644193 -1.206637 0.847786
v -0.608703 -1.206637 0.857457
v -0.576769 -1.206637 0.839200
v -0.567098 -1.206637 0.803710
v -0.585355 -1.206637 0.771776
v -0.645796 -1.214572 0.785768
v -0.619730 -1.214572 0.770866
v -0.653689 -1.214572 0.814737
v -0.638787 -1.214572 0.840803
v -0.609818 -1.214572 0.848696
v -0.583753 -1.214572 0.833794
v -0.575859 -1.214572 0.804825
v -0.590761 -1.214572 0.778760
v -0.608703 -1.197214 0.857457
v -0.644193 -1.197214 0.847786
v -0.620846 -1.197214 0.762106
v -0.585355 -1.197214 0.771776
v -0.609818 -1.205149 0.848696
v -0.638787 -1.205149 0.840803
v -0.619730 -1.205149 0.770866
v -0.590761 -1.205149 0.778760
v 1.210264 0.869498 -0.696538
v 1.210264 0.601782 -0.937577
v 1.092347 0.869498 -0.696538
v 1.092347 0.601782 -0.937577
v 1.210264 -0.601781 0.937577
v 1.210264 -0.869498 0.696537
v 1.092347 -0.601781 0.937577
v 1.092347 -0.869498 0.696537
v 1.205179 0.597837 -0.782757
v 1.205179 0.631821 -0.796833
v 1.205179 0.645898 -0.830817
v 1.205179 0.631821 -0.864801
v 1.205179 0.597837 -0.878878
v 1.205179 0.563853 -0.864801
v 1.205179 0.549776 -0.830817
v 1.205179 0.563853 -0.796833
v 1.232895 0.597837 -0.782757
v 1.232895 0.631821 -0.796833
v 1.232895 0.645898 -0.830817
v 1.232895 0.631821 -0.864801
v 1.232895 0.597837 -0.878878
v 1.232895 0.563853 -0.864801
v 1.232895 0.549776 -0.830817
v 1.232895 0.563853 -0.796833
v 1.240831 0.625576 -0.803078
v 1.240831 0.597837 -0.791588
v 1.240831 0.637066 -0.830817
v 1.240831 0.625576 -0.858557
v 1.240831 0.597837 -0.870047
v 1.240831 0.570097 -0.858557
v 1.240831 0.558607 -0.830817
v 1.240831 0.570097 -0.803078
v 1.223472 0.597837 -0.878878
v 1.223472 0.631821 -0.864801
v 1.223472 0.597837 -0.782757
v 1.223472 0.563853 -0.796833
v 1.231408 0.597837 -0.870047
v 1.231408 0.625576 -0.858557
v 1.231408 0.597837 -0.791588
v 1.231408 0.570097 -0.803078
v 1.205179 0.809537 -0.671419
v 1.205179 0.783114 -0.645828
v 1.205179 0.746335 -0.646415
v 1.205179 0.720743 -0.672838
v 1.205179 0.810124 -0.708199
v 1.205179 0.784533 -0.734621
v 1.205179 0.747753 -0.735209
v 1.205179 0.721331 -0.709617
v 1.232895 0.720743 -0.672838
v 1.232895 0.746335 -0.646415
v 1.232895 0.783114 -0.645828
v 1.232895 0.809537 -0.671419
v 1.232895 0.810124 -0.708199
v 1.232895 0.784533 -0.734621
v 1.232895 0.747753 -0.735209
v 1.232895 0.721331 -0.709617
v 1.240831 0.749844 -0.654519
v 1.240831 0.728955 -0.676086
v 1.240831 0.779866 -0.654040
v 1.240831 0.801433 -0.674929
v 1.240831 0.801912 -0.704950
v 1.240831 0.781023 -0.726517
v 1.240831 0.751002 -0.726997
v 1.240831 0.729435 -0.706108
v 1.223472 0.810124 -0.708199
v 1.223472 0.809537 -0.671419
v 1.223472 0.720743 -0.672838
v 1.223472 0.721331 -0.709617
v 1.231407 0.801912 -0.704950
v 1.231407 0.801433 -0.674929
v 1.231408 0.728955 -0.676086
v 1.231408 0.729435 -0.706108
v 1.205179 -0.750726 0.733325
v 1.205179 -0.787196 0.738123
v 1.205179 -0.816377 0.715728
v 1.205179 -0.821175 0.679258
v 1.205179 -0.728331 0.704144
v 1.205179 -0.733130 0.667674
v 1.205179 -0.762310 0.645279
v 1.205179 -0.798780 0.650077
v 1.232895 -0.821175 0.679258
v 1.232895 -0.816377 0.715728
v 1.232895 -0.787196 0.738123
v 1.232895 -0.750726 0.733325
v 1.232895 -0.728331 0.704144
v 1.232895 -0.733130 0.667674
v 1.232895 -0.762310 0.645279
v 1.232895 -0.798780 0.650077
v 1.240831 -0.808729 0.711313
v 1.240831 -0.812645 0.681545
v 1.240831 -0.784910 0.729593
v 1.240831 -0.755141 0.725677
v 1.240831 -0.736861 0.701858
v 1.240831 -0.740778 0.672089
v 1.240831 -0.764597 0.653809
v 1.240831 -0.794365 0.657726
v 1.223472 -0.728331 0.704144
v 1.223472 -0.750726 0.733325
v 1.223472 -0.821175 0.679258
v 1.223472 -0.798780 0.650077
v 1.231407 -0.736861 0.701858
v 1.231407 -0.755141 0.725677
v 1.231408 -0.812645 0.681545
v 1.231408 -0.794365 0.657726
v 1.205179 -0.644193 0.847786
v 1.205179 -0.662450 0.815853
v 1.205179 -0.652779 0.780362
v 1.205179 -0.620846 0.762105
v 1.205179 -0.608703 0.857457
v 1.205179 -0.576769 0.839200
v 1.205179 -0.567099 0.803710
v 1.205179 -0.585356 0.771776
v 1.232895 -0.620846 0.762105
v 1.232895 -0.652779 0.780362
v 1.232895 -0.662450 0.815853
v 1.232895 -0.644193 0.847786
v 1.232895 -0.608703 0.857457
v 1.232895 -0.576769 0.839200
v 1.232895 -0.567099 0.803710
v 1.232895 -0.585356 0.771776
v 1.240831 -0.645796 0.785768
v 1.240831 -0.619730 0.770866
v 1.240831 -0.653690 0.814737
v 1.240831 -0.638787 0.840803
v 1.240831 -0.609819 0.848696
v 1.240831 -0.583753 0.833794
v 1.240831 -0.575859 0.804825
v 1.240831 -0.590761 0.778760
v 1.223472 -0.608703 0.857457
v 1.223472 -0.644193 0.847786
v 1.223472 -0.620846 0.762105
v 1.223472 -0.585356 0.771776
v 1.231407 -0.609819 0.848696
v 1.231407 -0.638787 0.840803
v 1.231407 -0.619730 0.770866
v 1.231407 -0.590761 0.778760
v -0.696538 -1.210264 -0.869498
v -0.937577 -1.210264 -0.601782
v -0.696537 -1.092347 -0.869498
v -0.937577 -1.092347 -0.601782
v 0.937577 -1.210264 0.601782
v 0.696537 -1.210264 0.869498
v 0.937577 -1.092347 0.601782
v 0.696537 -1.092347 0.869498
v -0.782756 -1.205179 -0.597837
v -0.796833 -1.205179 -0.631821
v -0.830817 -1.205179 -0.645898
v -0.864801 -1.205179 -0.631821
v -0.878878 -1.205179 -0.597837
v -0.864801 -1.205179 -0.563853
v -0.830817 -1.205179 -0.549776
v -0.796833 -1.205179 -0.563853
v -0.782756 -1.232895 -0.597837
v -0.796833 -1.232895 -0.631821
v -0.830817 -1.232895 -0.645898
v -0.864801 -1.232895 -0.631821
v -0.878878 -1.232895 -0.597837
v -0.864801 -1.232895 -0.563853
v -0.830817 -1.232895 -0.549776
v -0.796833 -1.232895 -0.563853
v -0.803078 -1.240831 -0.625576
v -0.791588 -1.240831 -0.597837
v -0.830817 -1.240831 -0.637066
v -0.858557 -1.240831 -0.625576
v -0.870047 -1.240831 -0.597837
v -0.858557 -1.240831 -0.570097
v -0.830817 -1.240831 -0.558607
v -0.803078 -1.240831 -0.570097
v -0.878878 -1.223472 -0.597837
v -0.864801 -1.223472 -0.631821
v -0.782756 -1.223472 -0.597837
v -0.796833 -1.223472 -0.563853
v -0.870047 -1.231408 -0.597837
v -0.858557 -1.231408 -0.625576
v -0.791588 -1.231408 -0.597837
v -0.803078 -1.231408 -0.570097
v -0.671419 -1.205179 -0.809537
v -0.645828 -1.205179 -0.783114
v -0.646415 -1.205179 -0.746335
v -0.672837 -1.205179 -0.720743
v -0.708199 -1.205179 -0.810124
v -0.734621 -1.205179 -0.784533
v -0.735209 -1.205179 -0.747753
v -0.709617 -1.205179 -0.721331
v -0.672837 -1.232895 -0.720743
v -0.646415 -1.232895 -0.746335
v -0.645828 -1.232895 -0.783114
v -0.671419 -1.232895 -0.809537
v -0.708199 -1.232895 -0.810124
v -0.734621 -1.232895 -0.784533
v -0.735209 -1.232895 -0.747753
v -0.709617 -1.232895 -0.721331
v -0.654519 -1.240831 -0.749844
v -0.676086 -1.240831 -0.728955
v -0.654040 -1.240831 -0.779866
v -0.674929 -1.240831 -0.801433
v -0.704950 -1.240831 -0.801912
v -0.726517 -1.240831 -0.781023
v -0.726997 -1.240831 -0.751002
v -0.706107 -1.240831 -0.729435
v -0.708199 -1.223472 -0.810124
v -0.671419 -1.223472 -0.809537
v -0.672837 -1.223472 -0.720743
v -0.709617 -1.223472 -0.721331
v -0.704950 -1.231408 -0.801912
v -0.674929 -1.231408 -0.801433
v -0.676086 -1.231408 -0.728955
v -0.706107 -1.231408 -0.729435
v 0.733325 -1.205179 0.750727
v 0.738123 -1.205179 0.787196
v 0.715728 -1.205179 0.816377
v 0.679258 -1.205179 0.821176
v 0.704144 -1.205179 0.728331
v 0.667674 -1.205179 0.733130
v 0.645279 -1.205179 0.762311
v 0.650077 -1.205179 0.798781
v 0.679258 -1.232895 0.821176
v 0.715728 -1.232895 0.816377
v 0.738123 -1.232895 0.787196
v 0.733325 -1.232895 0.750727
v 0.704144 -1.232895 0.728331
v 0.667674 -1.232895 0.733130
v 0.645279 -1.232895 0.762311
v 0.650077 -1.232895 0.798781
v 0.711313 -1.240831 0.808729
v 0.681545 -1.240831 0.812646
v 0.729593 -1.240831 0.784910
v 0.725677 -1.240831 0.755142
v 0.701858 -1.240831 0.736862
v 0.672089 -1.240831 0.740778
v 0.653809 -1.240831 0.764597
v 0.657726 -1.240831 0.794366
v 0.704144 -1.223472 0.728331
v 0.733325 -1.223472 0.750727
v 0.679258 -1.223472 0.821176
v 0.650077 -1.223472 0.798781
v 0.701858 -1.231407 0.736862
v 0.725677 -1.231407 0.755142
v 0.681545 -1.231407 0.812646
v 0.657726 -1.231407 0.794366
v 0.847786 -1.205179 0.644193
v 0.815853 -1.205179 0.662450
v 0.780362 -1.205179 0.652780
v 0.762105 -1.205179 0.620846
v 0.857457 -1.205179 0.608703
v 0.839200 -1.205179 0.576769
v 0.803710 -1.205179 0.567099
v 0.771776 -1.205179 0.585356
v 0.762105 -1.232895 0.620846
v 0.780362 -1.232895 0.652780
v 0.815853 -1.232895 0.662450
v 0.847786 -1.232895 0.644193
v 0.857457 -1.232895 0.608703
v 0.839200 -1.232895 0.576769
v 0.803710 -1.232895 0.567099
v 0.771776 -1.232895 0.585356
v 0.785768 -1.240831 0.645796
v 0.770866 -1.240831 0.619730
v 0.814737 -1.240831 0.653690
v 0.840803 -1.240831 0.638787
v 0.848696 -1.240831 0.609819
v 0.833794 -1.240831 0.583753
v 0.804825 -1.240831 0.575859
v 0.778760 -1.240831 0.590762
v 0.857457 -1.223472 0.608703
v 0.847786 -1.223472 0.644193
v 0.762105 -1.223472 0.620846
v 0.771776 -1.223472 0.585356
v 0.848696 -1.231407 0.609819
v 0.840803 -1.231407 0.638787
v 0.770866 -1.231407 0.619730
v 0.778760 -1.231407 0.590762
vn -0.0000 1.0000 -0.0000
vn -0.0000 -1.0000 -0.0000
vn 0.8321 -0.0000 -0.5547
vn 0.8320 -0.0000 -0.5547
vn -0.0000 0.8321 0.5547
vn 0.5547 -0.0000 0.8321
vn -0.0000 -0.5547 -0.8321
vn -0.0000 -0.5547 -0.8320
vn 0.8321 -0.0000 0.5547
vn 0.8320 -0.0000 0.5547
vn -0.0000 -0.0000 1.0000
vn -0.5547 -0.0000 0.8321
vn 0.5547 -0.8321 -0.0000
vn 0.5547 -0.8320 -0.0000
vn 0.8321 0.5547 -0.0000
vn -0.0000 -0.0000 -1.0000
vn -0.0000 -0.8321 -0.5547
vn -0.0000 -0.5547 0.8321
vn -0.0000 -0.5547 0.8320
vn 0.5547 0.8321 -0.0000
vn 0.5547 0.8320 -0.0000
vn -1.0000 -0.0000 -0.0000
vn -0.8321 0.5547 -0.0000
vn -0.8321 -0.0000 0.5547
vn -0.8320 -0.0000 0.5547
vn -0.0000 0.8321 -0.5547
vn -0.0000 0.8320 -0.5547
vn 1.0000 -0.0000 -0.0000
vn -0.5547 -0.0000 -0.8321
vn -0.0000 0.5547 -0.8321
vn -0.0000 0.5547 -0.8320
vn -0.8321 -0.0000 -0.5547
vn -0.8320 -0.0000 -0.5547
vn -0.8321 -0.5547 -0.0000
vn 0.5547 -0.0000 -0.8321
vn -0.5547 -0.8321 -0.0000
vn -0.5547 -0.8320 -0.0000
vn -0.0000 0.5547 0.8321
vn -0.0000 0.5547 0.8320
vn 0.8321 -0.5547 -0.0000
vn -0.0000 -0.8321 0.5547
vn -0.5547 0.8321 -0.0000
vn -0.5547 0.8320 -0.0000
vn -0.6691 0.7432 -0.0000
vn 0.6691 -0.7432 -0.0000
vn -0.7432 -0.6691 -0.0000
vn 0.7432 0.6691 -0.0000
vn 0.6441 -0.2668 0.7169
vn 0.3827 0.9239 -0.0000
vn -0.9239 0.3827 -0.0000
vn -0.3827 -0.9239 -0.0000
vn -0.6957 -0.7183 -0.0000
vn 0.9239 0.3827 -0.0000
vn -0.7183 0.6957 -0.0000
vn -0.9239 -0.3827 -0.0000
vn 0.9239 -0.3827 -0.0000
vn 0.2668 0.6441 0.7169
vn -0.6441 0.2668 0.7169
vn -0.6442 0.2668 0.7169
vn -0.2668 -0.6441 0.7169
vn 0.6441 0.2668 0.7169
vn -0.6441 -0.2668 0.7169
vn 0.2668 -0.6441 0.7169
vn -0.2668 0.6441 0.7169
vn 0.7071 0.7071 -0.0000
vn -0.7071 -0.7071 -0.0000
vn 0.3827 -0.9239 -0.0000
vn 0.4851 0.5008 0.7169
vn -0.3827 0.9239 -0.0000
vn 0.7183 -0.6957 -0.0000
vn -0.0160 0.9999 -0.0000
vn 0.0160 -0.9999 -0.0000
vn 0.6957 0.7183 -0.0000
vn -0.5008 0.4851 0.7169
vn -0.4851 -0.5008 0.7169
vn 0.5008 -0.4851 0.7169
vn -0.0111 0.6971 0.7169
vn -0.0111 0.6971 0.7168
vn -0.3679 -0.9299 -0.0000
vn 0.0111 -0.6971 0.7169
vn 0.3679 0.9299 -0.0000
vn 0.6971 0.0111 0.7169
vn -0.6971 -0.0111 0.7169
vn -0.3974 0.9177 -0.0000
vn 0.3974 -0.9177 -0.0000
vn 0.9999 0.0160 -0.0000
vn -0.9999 -0.0160 -0.0000
vn -0.1304 -0.9915 -0.0000
vn -0.1305 -0.9915 -0.0000
vn -0.9915 0.1304 -0.0000
vn 0.0909 0.6913 0.7169
vn 0.9915 -0.1304 -0.0000
vn -0.6088 0.7933 -0.0000
vn 0.6088 -0.7933 -0.0000
vn 0.1304 0.9915 -0.0000
vn -0.6913 0.0909 0.7169
vn -0.6913 0.0910 0.7169
vn -0.0909 -0.6913 0.7169
vn 0.6913 -0.0909 0.7169
vn 0.6912 -0.0909 0.7169
vn -0.4245 0.5531 0.7169
vn 0.2589 -0.9659 -0.0000
vn 0.4245 -0.5531 0.7169
vn -0.2589 0.9659 -0.0000
vn 0.5531 0.4245 0.7169
vn -0.5531 -0.4245 0.7169
vn -0.8661 0.4999 -0.0000
vn 0.8661 -0.4999 -0.0000
vn 0.7933 0.6088 -0.0000
vn -0.7933 -0.6088 -0.0000
vn 0.8681 -0.4963 -0.0000
vn -0.4963 -0.8681 -0.0000
vn -0.6053 0.3460 0.7169
vn 0.4963 0.8681 -0.0000
vn -0.9648 -0.2629 -0.0000
vn 0.9648 0.2629 -0.0000
vn -0.8681 0.4963 -0.0000
vn -0.3461 -0.6053 0.7169
vn -0.3460 -0.6053 0.7169
vn 0.6053 -0.3461 0.7169
vn 0.3461 0.6053 0.7169
vn -0.6727 -0.1833 0.7169
vn 0.9920 -0.1263 -0.0000
vn 0.6727 0.1833 0.7169
vn -0.9920 0.1263 -0.0000
vn -0.1833 0.6727 0.7169
vn 0.1833 -0.6727 0.7169
vn -0.7908 -0.6121 -0.0000
vn 0.7908 0.6121 -0.0000
vn -0.2629 0.9648 -0.0000
vn 0.2629 -0.9648 -0.0000
vn -0.0000 0.7432 -0.6691
vn -0.0000 -0.7432 0.6691
vn -0.0000 -0.6691 -0.7432
vn -0.0000 0.6691 0.7432
vn -0.7169 -0.2668 0.6441
vn -0.0000 0.9239 0.3827
vn -0.0000 0.3827 -0.9239
vn -0.0000 -0.9239 -0.3827
vn -0.0000 -0.7183 -0.6957
vn -0.0000 0.3827 0.9239
vn -0.0000 0.6957 -0.7183
vn -0.0000 -0.3827 -0.9239
vn -0.0000 -0.3827 0.9239
vn -0.7169 0.6441 0.2668
vn -0.7169 0.2668 -0.6442
vn -0.7169 0.2668 -0.6441
vn -0.7169 -0.6441 -0.2668
vn -0.7169 -0.6442 -0.2668
vn -0.7169 0.2668 0.6442
vn -0.7169 0.2668 0.6441
vn -0.7169 -0.2668 -0.6441
vn -0.7169 -0.6441 0.2668
vn -0.7169 0.6441 -0.2668
vn -0.0000 0.7071 0.7071
vn -0.0000 -0.7071 -0.7071
vn -0.0000 -0.9239 0.3827
vn -0.7169 0.5008 0.4851
vn -0.0000 0.9239 -0.3827
vn -0.0000 -0.6957 0.7183
vn -0.0000 0.9999 -0.0160
vn -0.0000 -0.9999 0.0160
vn -0.0000 0.7183 0.6957
vn -0.7169 0.4851 -0.5008
vn -0.7169 -0.5008 -0.4851
vn -0.7169 -0.4851 0.5008
vn -0.7169 0.6971 -0.0111
vn -0.0000 -0.9299 -0.3679
vn -0.7169 -0.6971 0.0111
vn -0.0000 0.9299 0.3679
vn -0.7169 0.0111 0.6971
vn -0.7169 -0.0111 -0.6971
vn -0.0000 0.9177 -0.3974
vn -0.0000 -0.9177 0.3974
vn -0.0000 -0.9176 0.3974
vn -0.0000 0.0160 0.9999
vn -0.0000 -0.0160 -0.9999
vn -0.0000 -0.9915 -0.1304
vn -0.0000 0.1304 -0.9915
vn -0.7169 0.6913 0.0909
vn -0.0000 -0.1304 0.9915
vn -0.0000 0.7933 -0.6088
vn -0.0000 -0.7933 0.6088
vn -0.0000 0.9915 0.1304
vn -0.7169 0.0909 -0.6913
vn -0.7169 0.0910 -0.6913
vn -0.7169 -0.6913 -0.0909
vn -0.7169 -0.0909 0.6913
vn -0.7169 -0.0909 0.6912
vn -0.7169 0.5531 -0.4245
vn -0.0000 -0.9659 0.2589
vn -0.7169 -0.5531 0.4245
vn -0.0000 0.9659 -0.2589
vn -0.7169 0.4245 0.5531
vn -0.7169 -0.4245 -0.5531
vn -0.0000 0.4999 -0.8661
vn -0.0000 -0.4999 0.8661
vn -0.0000 0.6088 0.7933
vn -0.0000 -0.6088 -0.7933
vn -0.0000 -0.4963 0.8681
vn -0.0000 -0.8681 -0.4963
vn -0.7169 0.3460 -0.6053
vn -0.0000 0.8681 0.4963
vn -0.0000 -0.2629 -0.9648
vn -0.0000 0.2629 0.9648
vn -0.0000 0.4963 -0.8681
vn -0.7169 -0.6053 -0.3461
vn -0.7169 -0.6053 -0.3460
vn -0.7169 -0.3461 0.6053
vn -0.7169 0.6053 0.3461
vn -0.7169 -0.1833 -0.6727
vn -0.0000 -0.1263 0.9920
vn -0.7169 0.1833 0.6727
vn -0.0000 0.1263 -0.9920
vn -0.7169 0.6727 -0.1833
vn -0.7169 -0.6727 0.1833
vn -0.0000 -0.6121 -0.7908
vn -0.0000 0.6121 0.7908
vn -0.0000 0.9648 -0.2629
vn -0.0000 -0.9648 0.2629
vn 0.6691 0.7432 -0.0000
vn -0.6691 -0.7432 -0.0000
vn 0.7432 -0.6691 -0.0000
vn -0.7432 0.6691 -0.0000
vn -0.6441 -0.2668 -0.7169
vn 0.6957 -0.7183 -0.0000
vn 0.7183 0.6957 -0.0000
vn -0.2668 0.6441 -0.7169
vn 0.6441 0.2668 -0.7169
vn 0.2668 -0.6442 -0.7169
vn 0.2668 -0.6441 -0.7169
vn -0.6441 0.2668 -0.7169
vn 0.6441 -0.2668 -0.7169
vn -0.2668 -0.6441 -0.7169
vn 0.2668 0.6441 -0.7169
vn -0.7071 0.7071 -0.0000
vn 0.7071 -0.7071 -0.0000
vn -0.4851 0.5008 -0.7169
vn -0.7183 -0.6957 -0.0000
vn 0.0160 0.9999 -0.0000
vn -0.0160 -0.9999 -0.0000
vn -0.6957 0.7183 -0.0000
vn 0.5008 0.4851 -0.7169
vn 0.4851 -0.5008 -0.7169
vn -0.5008 -0.4851 -0.7169
vn 0.0111 0.6971 -0.7169
vn 0.3679 -0.9299 -0.0000
vn -0.0111 -0.6971 -0.7169
vn -0.3679 0.9299 -0.0000
vn -0.6971 0.0111 -0.7169
vn 0.6971 -0.0111 -0.7169
vn 0.3974 0.9177 -0.0000
vn -0.3974 -0.9177 -0.0000
vn -0.9999 0.0160 -0.0000
vn 0.9999 -0.0160 -0.0000
vn 0.1304 -0.9915 -0.0000
vn 0.1305 -0.9915 -0.0000
vn 0.9915 0.1304 -0.0000
vn -0.0909 0.6913 -0.7169
vn -0.9915 -0.1304 -0.0000
vn 0.6088 0.7933 -0.0000
vn -0.6088 -0.7933 -0.0000
vn -0.1304 0.9915 -0.0000
vn 0.6913 0.0909 -0.7169
vn 0.6913 0.0910 -0.7169
vn 0.0909 -0.6913 -0.7169
vn 0.0910 -0.6913 -0.7169
vn -0.6913 -0.0909 -0.7169
vn -0.6913 -0.0910 -0.7169
vn 0.4245 0.5531 -0.7169
vn -0.2589 -0.9659 -0.0000
vn -0.4245 -0.5531 -0.7169
vn 0.2589 0.9659 -0.0000
vn -0.5531 0.4245 -0.7169
vn 0.5531 -0.4245 -0.7169
vn 0.8661 0.4999 -0.0000
vn -0.8661 -0.4999 -0.0000
vn -0.7933 0.6088 -0.0000
vn 0.7933 -0.6088 -0.0000
vn -0.8681 -0.4963 -0.0000
vn 0.4963 -0.8681 -0.0000
vn 0.6053 0.3460 -0.7169
vn 0.6053 0.3461 -0.7169
vn -0.4963 0.8681 -0.0000
vn 0.9648 -0.2629 -0.0000
vn -0.9648 0.2629 -0.0000
vn 0.8681 0.4963 -0.0000
vn 0.3460 -0.6053 -0.7169
vn -0.6053 -0.3461 -0.7169
vn -0.3461 0.6053 -0.7169
vn 0.6727 -0.1833 -0.7169
vn -0.9920 -0.1263 -0.0000
vn -0.6727 0.1833 -0.7169
vn 0.9920 0.1263 -0.0000
vn 0.1833 0.6727 -0.7169
vn -0.1833 -0.6727 -0.7169
vn 0.7908 -0.6121 -0.0000
vn -0.7908 0.6121 -0.0000
vn 0.2629 0.9648 -0.0000
vn -0.2629 -0.9648 -0.0000
vn -0.0000 0.7432 0.6691
vn -0.0000 -0.7432 -0.6691
vn -0.0000 -0.6691 0.7432
vn -0.0000 0.6691 -0.7432
vn 0.7169 -0.2668 -0.6441
vn -0.0000 -0.7183 0.6957
vn -0.0000 0.6957 0.7183
vn 0.7169 0.6441 -0.2668
vn 0.7169 0.2668 0.6442
vn 0.7169 0.2668 0.6441
vn 0.7169 -0.6441 0.2668
vn 0.7169 0.2668 -0.6441
vn 0.7169 -0.2668 0.6441
vn 0.7169 -0.6441 -0.2668
vn 0.7169 0.6441 0.2668
vn -0.0000 0.7071 -0.7071
vn -0.0000 -0.7071 0.7071
vn 0.7169 0.5008 -0.4851
vn -0.0000 -0.6957 -0.7183
vn -0.0000 0.9999 0.0160
vn -0.0000 -0.9999 -0.0160
vn -0.0000 0.7183 -0.6957
vn 0.7169 0.4851 0.5008
vn 0.7169 -0.5008 0.4851
vn 0.7168 -0.5008 0.4851
vn 0.7169 -0.4851 -0.5008
vn 0.7169 0.6971 0.0111
vn -0.0000 -0.9299 0.3679
vn 0.7169 -0.6971 -0.0111
vn -0.0000 0.9299 -0.3679
vn 0.7169 0.0111 -0.6971
vn 0.7169 -0.0111 0.6971
vn -0.0000 0.9177 0.3974
vn -0.0000 -0.9176 -0.3974
vn -0.0000 -0.9177 -0.3974
vn -0.0000 0.0160 -0.9999
vn -0.0000 -0.0160 0.9999
vn -0.0000 -0.9915 0.1304
vn -0.0000 0.1304 0.9915
vn 0.7169 0.6913 -0.0909
vn -0.0000 -0.1304 -0.9915
vn -0.0000 0.7933 0.6088
vn -0.0000 -0.7933 -0.6088
vn -0.0000 0.9915 -0.1304
vn 0.7169 0.0909 0.6913
vn 0.7169 -0.6913 0.0909
vn 0.7169 -0.0909 -0.6913
vn 0.7169 -0.0910 -0.6913
vn 0.7169 0.5531 0.4245
vn -0.0000 -0.9659 -0.2589
vn 0.7169 -0.5531 -0.4245
vn -0.0000 0.9659 0.2589
vn 0.7169 0.4245 -0.5531
vn 0.7169 -0.4245 0.5531
vn -0.0000 0.4999 0.8661
vn -0.0000 -0.4999 -0.8661
vn -0.0000 0.6088 -0.7933
vn -0.0000 -0.6088 0.7933
vn -0.0000 -0.4963 -0.8681
vn -0.0000 -0.8681 0.4963
vn 0.7169 0.3460 0.6053
vn -0.0000 0.8681 -0.4963
vn -0.0000 -0.2629 0.9648
vn -0.0000 0.2629 -0.9648
vn -0.0000 0.4963 0.8681
vn 0.7169 -0.6053 0.3461
vn 0.7169 -0.3461 -0.6053
vn 0.7169 0.6053 -0.3461
vn 0.7169 -0.1833 0.6727
vn -0.0000 -0.1263 -0.9920
vn 0.7169 0.1833 -0.6727
vn -0.0000 0.1263 0.9920
vn 0.7169 0.6727 0.1833
vn 0.7169 -0.6727 -0.1833
vn -0.0000 -0.6121 0.7908
vn -0.0000 0.6121 -0.7908
vn -0.0000 0.9648 0.2629
vn -0.0000 -0.9648 -0.2629
vn 0.6691 -0.0000 0.7432
vn -0.6691 -0.0000 -0.7432
vn 0.7432 -0.0000 -0.6691
vn -0.7432 -0.0000 0.6691
vn -0.6441 0.7169 -0.2668
vn -0.3827 -0.0000 0.9239
vn 0.9239 -0.0000 0.3827
vn 0.3827 -0.0000 -0.9239
vn 0.6957 -0.0000 -0.7183
vn -0.9239 -0.0000 0.3827
vn 0.7183 -0.0000 0.6957
vn 0.9239 -0.0000 -0.3827
vn -0.9239 -0.0000 -0.3827
vn -0.2668 0.7169 0.6441
vn 0.6442 0.7169 0.2668
vn 0.6441 0.7169 0.2668
vn 0.2668 0.7169 -0.6441
vn -0.6441 0.7169 0.2668
vn 0.6441 0.7169 -0.2668
vn -0.2668 0.7169 -0.6441
vn 0.2668 0.7169 0.6441
vn -0.7071 -0.0000 0.7071
vn 0.7071 -0.0000 -0.7071
vn -0.3827 -0.0000 -0.9239
vn -0.4851 0.7169 0.5008
vn 0.3827 -0.0000 0.9239
vn -0.7183 -0.0000 -0.6957
vn 0.0160 -0.0000 0.9999
vn -0.0160 -0.0000 -0.9999
vn -0.6957 -0.0000 0.7183
vn 0.5008 0.7169 0.4851
vn 0.4851 0.7169 -0.5008
vn -0.5008 0.7169 -0.4851
vn 0.0111 0.7169 0.6971
vn 0.3679 -0.0000 -0.9299
vn -0.0111 0.7169 -0.6971
vn -0.3679 -0.0000 0.9299
vn -0.6971 0.7169 0.0111
vn 0.6971 0.7169 -0.0111
vn 0.3974 -0.0000 0.9177
vn -0.3974 -0.0000 -0.9176
vn -0.3974 -0.0000 -0.9177
vn -0.9999 -0.0000 0.0160
vn 0.9999 -0.0000 -0.0160
vn 0.1304 -0.0000 -0.9915
vn 0.9915 -0.0000 0.1304
vn -0.0909 0.7169 0.6913
vn -0.9915 -0.0000 -0.1304
vn 0.6088 -0.0000 0.7933
vn -0.6088 -0.0000 -0.7933
vn -0.1304 -0.0000 0.9915
vn 0.6913 0.7169 0.0909
vn 0.0909 0.7169 -0.6913
vn -0.6913 0.7169 -0.0909
vn -0.6913 0.7169 -0.0910
vn 0.4245 0.7169 0.5531
vn -0.2589 -0.0000 -0.9659
vn -0.4245 0.7169 -0.5531
vn 0.2589 -0.0000 0.9659
vn -0.5531 0.7169 0.4245
vn 0.5531 0.7169 -0.4245
vn 0.8661 -0.0000 0.4999
vn -0.8661 -0.0000 -0.4999
vn -0.7933 -0.0000 0.6088
vn 0.7933 -0.0000 -0.6088
vn -0.8681 -0.0000 -0.4963
vn 0.4963 -0.0000 -0.8681
vn 0.6053 0.7169 0.3461
vn 0.6053 0.7169 0.3460
vn -0.4963 -0.0000 0.8681
vn 0.9648 -0.0000 -0.2629
vn -0.9648 -0.0000 0.2629
vn 0.8681 -0.0000 0.4963
vn 0.3460 0.7169 -0.6053
vn 0.3461 0.7169 -0.6053
vn -0.6053 0.7169 -0.3461
vn -0.6053 0.7169 -0.3460
vn -0.3461 0.7169 0.6053
vn 0.6727 0.7169 -0.1833
vn -0.9920 -0.0000 -0.1263
vn -0.6727 0.7169 0.1833
vn 0.9920 -0.0000 0.1263
vn 0.1833 0.7169 0.6727
vn -0.1833 0.7169 -0.6727
vn 0.7908 -0.0000 -0.6121
vn -0.7908 -0.0000 0.6121
vn 0.2629 -0.0000 0.9648
vn -0.2629 -0.0000 -0.9648
vn 0.6691 -0.0000 -0.7432
vn -0.6691 -0.0000 0.7432
vn 0.7432 -0.0000 0.6691
vn -0.7432 -0.0000 -0.6691
vn -0.6441 -0.7169 0.2668
vn 0.6957 -0.0000 0.7183
vn 0.7183 -0.0000 -0.6957
vn -0.2668 -0.7169 -0.6441
vn 0.6442 -0.7169 -0.2668
vn 0.6441 -0.7169 -0.2668
vn 0.2668 -0.7169 0.6441
vn -0.6441 -0.7169 -0.2668
vn 0.6441 -0.7169 0.2668
vn -0.2668 -0.7169 0.6441
vn 0.2668 -0.7169 -0.6441
vn -0.7071 -0.0000 -0.7071
vn 0.7071 -0.0000 0.7071
vn -0.4851 -0.7169 -0.5008
vn -0.7183 -0.0000 0.6957
vn 0.0160 -0.0000 -0.9999
vn -0.0160 -0.0000 0.9999
vn -0.6957 -0.0000 -0.7183
vn 0.5008 -0.7169 -0.4851
vn 0.4851 -0.7169 0.5008
vn -0.5008 -0.7169 0.4851
vn 0.0111 -0.7169 -0.6971
vn 0.3679 -0.0000 0.9299
vn -0.0111 -0.7169 0.6971
vn -0.3679 -0.0000 -0.9299
vn -0.6971 -0.7169 -0.0111
vn 0.6971 -0.7169 0.0111
vn 0.3974 -0.0000 -0.9177
vn -0.3974 -0.0000 0.9176
vn -0.3974 -0.0000 0.9177
vn -0.9999 -0.0000 -0.0160
vn 0.9999 -0.0000 0.0160
vn 0.1304 -0.0000 0.9915
vn 0.9915 -0.0000 -0.1304
vn -0.0909 -0.7169 -0.6913
vn -0.9915 -0.0000 0.1304
vn 0.6088 -0.0000 -0.7933
vn -0.6088 -0.0000 0.7933
vn -0.1304 -0.0000 -0.9915
vn 0.6913 -0.7169 -0.0909
vn 0.6913 -0.7169 -0.0910
vn 0.0909 -0.7169 0.6913
vn -0.6913 -0.7169 0.0909
vn 0.4245 -0.7169 -0.5531
vn -0.2589 -0.0000 0.9659
vn -0.4245 -0.7169 0.5531
vn 0.2589 -0.0000 -0.9659
vn -0.5531 -0.7169 -0.4245
vn 0.5531 -0.7169 0.4245
vn 0.8661 -0.0000 -0.4999
vn -0.8661 -0.0000 0.4999
vn -0.7933 -0.0000 -0.6088
vn 0.7933 -0.0000 0.6088
vn -0.8681 -0.0000 0.4963
vn 0.4963 -0.0000 0.8681
vn 0.6053 -0.7169 -0.3460
vn -0.4963 -0.0000 -0.8681
vn 0.9648 -0.0000 0.2629
vn -0.9648 -0.0000 -0.2629
vn 0.8681 -0.0000 -0.4963
vn 0.3460 -0.7169 0.6053
vn 0.3461 -0.7169 0.6053
vn -0.6053 -0.7169 0.3461
vn -0.6053 -0.7169 0.3460
vn -0.3461 -0.7169 -0.6053
vn -0.3460 -0.7169 -0.6053
vn 0.6727 -0.7169 0.1833
vn -0.9920 -0.0000 0.1263
vn -0.6727 -0.7169 -0.1833
vn 0.9920 -0.0000 -0.1263
vn 0.1833 -0.7169 -0.6727
vn -0.1833 -0.7169 0.6727
vn 0.7908 -0.0000 0.6121
vn -0.7908 -0.0000 -0.6121
vn 0.2629 -0.0000 -0.9648
vn -0.2629 -0.0000 0.9648
vn 0.7169 -0.2668 -0.6442
vn 0.7168 0.4851 0.5008
vn -0.0000 0.3679 0.9299
vn -0.0000 -0.3679 -0.9299
vn -0.0000 0.3974 -0.9177
vn -0.0000 -0.3974 0.9176
vn -0.0000 -0.3974 0.9177
vn 0.7169 0.6913 -0.0910
vn 0.7169 -0.6912 0.0909
vn -0.0000 -0.2589 0.9659
vn -0.0000 0.2589 -0.9659
vn -0.0000 0.8661 -0.4999
vn -0.0000 -0.8661 0.4999
vn 0.7169 0.6053 -0.3460
vn 0.7169 0.3461 0.6053
vn 0.7169 -0.3460 -0.6053
vn -0.0000 -0.9920 0.1263
vn -0.0000 0.9920 -0.1263
vn -0.0000 0.7908 0.6121
vn -0.0000 -0.7908 -0.6121
vn -0.6442 -0.7169 0.2668
vn 0.6442 -0.7169 0.2668
vn 0.9299 -0.0000 -0.3679
vn 0.6971 -0.7168 0.0111
vn -0.9299 -0.0000 0.3679
vn -0.9177 -0.0000 -0.3974
vn 0.9177 -0.0000 0.3974
vn 0.9176 -0.0000 0.3974
vn 0.9915 -0.0000 -0.1305
vn -0.0910 -0.7169 -0.6913
vn 0.0910 -0.7169 0.6913
vn 0.9659 -0.0000 0.2589
vn -0.9659 -0.0000 -0.2589
vn -0.4999 -0.0000 -0.8661
vn 0.4999 -0.0000 0.8661
vn 0.6053 -0.7169 -0.3461
vn 0.1263 -0.0000 0.9920
vn -0.1263 -0.0000 -0.9920
vn 0.6121 -0.0000 -0.7908
vn -0.6121 -0.0000 0.7908
vn 0.0910 0.6913 0.7169
vn -0.6053 0.3461 0.7169
vn -0.7169 -0.3460 0.6053
vn -0.3461 0.6053 -0.7168
vn -0.0000 0.9176 0.3974
vn 0.7169 0.0910 0.6913
vn 0.7169 -0.6913 0.0910
vn 0.6913 0.7169 0.0910
vn 0.7169 0.2668 -0.6442
vn 0.6442 -0.7168 0.2668
vn -0.4851 -0.7168 -0.5008
vn 0.5008 -0.7168 -0.4851
vt 0.862561 0.610697
vt 0.676823 0.796434
vt 0.676823 0.610697
vt 0.796434 0.305349
vt 0.610697 0.491086
vt 0.610697 0.305349
vt 0.862561 0.619611
vt 0.875932 0.814263
vt 0.862561 0.805349
vt 0.544571 0.805349
vt 0.557942 1.000000
vt 0.544571 0.991086
vt 0.889303 0.619611
vt 0.902674 0.814263
vt 0.889303 0.805349
vt 0.531200 0.991086
vt 0.517828 0.796434
vt 0.531200 0.805349
vt 0.504457 0.805348
vt 0.517828 1.000000
vt 0.504457 0.991086
vt 0.491086 0.796434
vt 0.305349 0.610697
vt 0.491086 0.610697
vt 0.929417 0.619611
vt 0.942788 0.814263
vt 0.929417 0.805349
vt 0.916046 0.008914
vt 0.929417 0.203566
vt 0.916046 0.194651
vt 0.942788 0.008914
vt 0.956159 0.203566
vt 0.942788 0.194651
vt 0.491086 0.982172
vt 0.305349 0.796434
vt 0.571313 0.991086
vt 0.557942 0.796434
vt 0.571313 0.805349
vt 0.491086 0.796434
vt 0.504457 0.805349
vt 0.956159 0.008914
vt 0.969530 0.203566
vt 0.956159 0.194652
vt 0.982172 0.491086
vt 0.982172 0.305349
vt 0.929417 0.008914
vt 0.942788 0.203566
vt 0.929417 0.194651
vt 0.916046 0.619611
vt 0.929417 0.814263
vt 0.916046 0.805349
vt 0.584684 0.991086
vt 0.571313 0.796434
vt 0.584684 0.805349
vt 0.676823 0.796434
vt 0.491086 0.610697
vt 0.676823 0.610697
vt 0.902674 0.619611
vt 0.916046 0.814263
vt 0.902674 0.805349
vt 0.942788 0.619611
vt 0.956159 0.814263
vt 0.942788 0.805349
vt 0.531199 0.805348
vt 0.544571 1.000000
vt 0.531199 0.991086
vt 0.969531 0.805349
vt 0.956159 0.610697
vt 0.969531 0.619611
vt 0.969530 0.008914
vt 0.982902 0.203566
vt 0.969530 0.194652
vt 0.969531 0.619611
vt 0.982902 0.814263
vt 0.969531 0.805349
vt 0.982172 0.314263
vt 0.995543 0.508914
vt 0.982172 0.500000
vt 0.996273 0.194651
vt 0.982901 0.000000
vt 0.996273 0.008914
vt 0.982902 0.619611
vt 0.996273 0.814263
vt 0.982902 0.805349
vt 0.875932 0.619611
vt 0.889303 0.814263
vt 0.875932 0.805349
vt 0.305349 0.254457
vt 0.254457 0.305349
vt 0.254457 0.254457
vt 0.050891 0.916046
vt 0.000000 0.865154
vt 0.050891 0.865154
vt 0.356240 0.610697
vt 0.305349 0.559806
vt 0.356240 0.559806
vt 0.610697 0.254457
vt 0.559806 0.305349
vt 0.559806 0.254457
vt 0.050891 0.610697
vt 0.000000 0.559806
vt 0.050891 0.559806
vt 0.661588 0.305349
vt 0.610697 0.254457
vt 0.661588 0.254457
vt 0.305349 0.610697
vt 0.254457 0.559806
vt 0.305349 0.559806
vt 0.254457 0.610697
vt 0.610697 0.000000
vt 0.559806 0.050891
vt 0.559806 0.000000
vt 0.610697 0.050891
vt 0.610697 0.610697
vt 0.559806 0.559806
vt 0.610697 0.559806
vt 0.559806 0.610697
vt 0.305349 0.000000
vt 0.254457 0.050891
vt 0.254457 0.000000
vt 0.305349 0.050891
vt 0.050891 0.050891
vt 0.000000 0.254457
vt 0.000000 0.050891
vt 0.050891 0.000000
vt 0.000000 0.000000
vt 0.356240 0.050891
vt 0.305349 0.254457
vt 0.356240 0.000000
vt 0.916046 0.305349
vt 0.865154 0.254457
vt 0.916046 0.254457
vt 0.865154 0.305349
vt 0.356240 0.254457
vt 0.305349 0.305349
vt 0.356240 0.305349
vt 0.305349 0.916046
vt 0.254457 0.865154
vt 0.305349 0.865154
vt 0.254457 0.916046
vt 0.050891 0.254457
vt 0.000000 0.305349
vt 0.050891 0.305349
vt 0.254457 0.661588
vt 0.254457 0.610697
vt 0.305349 0.661588
vt 0.865154 0.050891
vt 0.661588 0.000000
vt 0.865154 0.000000
vt 0.916046 0.050891
vt 0.916046 0.000000
vt 0.559806 0.356240
vt 0.559806 0.305349
vt 0.610697 0.356240
vt 0.610697 0.305349
vt 0.254457 0.356240
vt 0.254457 0.305349
vt 0.305349 0.356240
vt 0.661588 0.050891
vt 0.050891 0.356240
vt 0.000000 0.356240
vt 0.356240 0.356240
vt 0.050891 0.661588
vt 0.000000 0.610697
vt 0.000000 0.661588
vt 0.998999 0.001001
vt 0.901001 0.362635
vt 0.998999 0.362635
vt 0.798999 0.001001
vt 0.001001 0.362635
vt 0.798999 0.362635
vt 0.998999 0.364637
vt 0.901001 0.726272
vt 0.998999 0.726272
vt 0.798999 0.364637
vt 0.001001 0.726272
vt 0.798999 0.726272
vt 0.898999 0.001001
vt 0.801001 0.726272
vt 0.898999 0.726272
vt 0.798999 0.817181
vt 0.001001 0.728274
vt 0.001001 0.817181
vt 0.901001 0.882050
vt 0.929704 0.819183
vt 0.998999 0.845223
vt 0.123999 0.885363
vt 0.113501 0.864637
vt 0.113501 0.885363
vt 0.148999 0.932819
vt 0.148999 0.946498
vt 0.126001 0.953544
vt 0.123999 0.932819
vt 0.101001 0.953544
vt 0.101001 0.946498
vt 0.148999 0.910092
vt 0.148999 0.923771
vt 0.126001 0.930817
vt 0.123999 0.910092
vt 0.101001 0.930817
vt 0.101001 0.923771
vt 0.198999 0.932819
vt 0.176001 0.953544
vt 0.198999 0.953544
vt 0.173999 0.932819
vt 0.173999 0.946498
vt 0.151001 0.953544
vt 0.176001 0.910092
vt 0.198999 0.930817
vt 0.198999 0.910092
vt 0.173999 0.910092
vt 0.151001 0.930817
vt 0.151001 0.923771
vt 0.176001 0.864637
vt 0.198999 0.908090
vt 0.198999 0.864637
vt 0.111499 0.885363
vt 0.101001 0.864637
vt 0.101001 0.885363
vt 0.148999 0.885363
vt 0.138501 0.864637
vt 0.138501 0.885363
vt 0.136499 0.885363
vt 0.126001 0.864637
vt 0.126001 0.885363
vt 0.223999 0.864637
vt 0.213501 0.908090
vt 0.223999 0.908090
vt 0.123999 0.887365
vt 0.113501 0.908090
vt 0.123999 0.908090
vt 0.213501 0.830546
vt 0.223999 0.839908
vt 0.223999 0.830546
vt 0.111499 0.887365
vt 0.101001 0.908090
vt 0.111499 0.908090
vt 0.201001 0.830546
vt 0.211499 0.839908
vt 0.211499 0.830546
vt 0.173999 0.908090
vt 0.151001 0.864637
vt 0.151001 0.908090
vt 0.148999 0.908090
vt 0.138501 0.887365
vt 0.138501 0.908090
vt 0.136499 0.908090
vt 0.126001 0.887365
vt 0.126001 0.908090
vt 0.048999 0.819183
vt 0.026001 0.862635
vt 0.048999 0.862635
vt 0.223999 0.819183
vt 0.213501 0.828544
vt 0.223999 0.828544
vt 0.211499 0.819183
vt 0.201001 0.828544
vt 0.211499 0.828544
vt 0.211499 0.864637
vt 0.201001 0.908090
vt 0.211499 0.908090
vt 0.173999 0.819183
vt 0.163501 0.839908
vt 0.173999 0.839908
vt 0.161499 0.819183
vt 0.151001 0.839908
vt 0.161499 0.839908
vt 0.198999 0.819183
vt 0.188501 0.839908
vt 0.198999 0.839908
vt 0.801001 0.882050
vt 0.829704 0.819183
vt 0.898999 0.845223
vt 0.126001 0.998999
vt 0.126001 0.978274
vt 0.148999 0.978274
vt 0.123999 0.978274
vt 0.101001 0.998999
vt 0.123999 0.998999
vt 0.126001 0.955546
vt 0.148999 0.976272
vt 0.148999 0.955546
vt 0.123999 0.955546
vt 0.101001 0.976272
vt 0.101001 0.969225
vt 0.001001 0.819183
vt 0.023999 0.862635
vt 0.023999 0.819183
vt 0.186499 0.819183
vt 0.176001 0.839908
vt 0.186499 0.839908
vt 0.173999 0.841910
vt 0.163501 0.862635
vt 0.173999 0.862635
vt 0.161499 0.841910
vt 0.151001 0.862635
vt 0.161499 0.862635
vt 0.248999 0.864637
vt 0.238501 0.908090
vt 0.248999 0.908090
vt 0.198999 0.862635
vt 0.188501 0.841910
vt 0.188501 0.862635
vt 0.238501 0.830546
vt 0.248999 0.839908
vt 0.248999 0.830546
vt 0.186499 0.862635
vt 0.176001 0.841910
vt 0.176001 0.862635
vt 0.226001 0.830546
vt 0.236499 0.839908
vt 0.236499 0.830546
vt 0.098999 0.819183
vt 0.076001 0.862635
vt 0.098999 0.862635
vt 0.123999 0.839908
vt 0.113501 0.819183
vt 0.113501 0.839908
vt 0.111499 0.819183
vt 0.101001 0.839908
vt 0.111499 0.839908
vt 0.073999 0.819183
vt 0.051001 0.862635
vt 0.073999 0.862635
vt 0.248999 0.819183
vt 0.238501 0.828544
vt 0.248999 0.828544
vt 0.236499 0.819183
vt 0.226001 0.828544
vt 0.236499 0.828544
vt 0.236499 0.908090
vt 0.226001 0.864637
vt 0.226001 0.908090
vt 0.148999 0.819183
vt 0.138501 0.839908
vt 0.148999 0.839908
vt 0.136499 0.819183
vt 0.126001 0.839908
vt 0.136499 0.839908
vt 0.198999 0.978274
vt 0.176001 0.998999
vt 0.176001 0.991953
vt 0.173999 0.978274
vt 0.173999 0.991953
vt 0.151001 0.998999
vt 0.123999 0.841910
vt 0.113501 0.862635
vt 0.123999 0.862635
vt 0.929704 0.728274
vt 0.998999 0.754314
vt 0.970296 0.817181
vt 0.198999 0.955546
vt 0.198999 0.969225
vt 0.176001 0.976272
vt 0.151001 0.955546
vt 0.173999 0.976272
vt 0.173999 0.955546
vt 0.026001 0.932819
vt 0.048999 0.953544
vt 0.048999 0.932819
vt 0.023999 0.932819
vt 0.001001 0.953544
vt 0.001001 0.946498
vt 0.048999 0.864637
vt 0.026001 0.908090
vt 0.048999 0.908090
vt 0.111499 0.841910
vt 0.101001 0.862635
vt 0.111499 0.862635
vt 0.148999 0.862635
vt 0.138501 0.841910
vt 0.138501 0.862635
vt 0.136499 0.862635
vt 0.126001 0.841910
vt 0.126001 0.862635
vt 0.273999 0.819183
vt 0.263501 0.862635
vt 0.273999 0.862635
vt 0.073999 0.955546
vt 0.063501 0.976272
vt 0.073999 0.976272
vt 0.213501 0.853274
vt 0.223999 0.862635
vt 0.223999 0.853274
vt 0.061499 0.976272
vt 0.051001 0.955546
vt 0.051001 0.976272
vt 0.201001 0.853274
vt 0.211499 0.862635
vt 0.211499 0.853274
vt 0.023999 0.908090
vt 0.001001 0.864637
vt 0.001001 0.908090
vt 0.098999 0.976272
vt 0.088501 0.955546
vt 0.088501 0.976272
vt 0.086499 0.976272
vt 0.076001 0.955546
vt 0.076001 0.976272
vt 0.098999 0.908090
vt 0.076001 0.864637
vt 0.076001 0.908090
vt 0.223999 0.841910
vt 0.213501 0.851272
vt 0.223999 0.851272
vt 0.211499 0.841910
vt 0.201001 0.851272
vt 0.211499 0.851272
vt 0.261499 0.819183
vt 0.251001 0.862635
vt 0.261499 0.862635
vt 0.073999 0.978274
vt 0.063501 0.998999
vt 0.073999 0.998999
vt 0.061499 0.978274
vt 0.051001 0.998999
vt 0.061499 0.998999
vt 0.048999 0.910092
vt 0.026001 0.930817
vt 0.026001 0.923771
vt 0.023999 0.910092
vt 0.023999 0.923771
vt 0.001001 0.930817
vt 0.098999 0.998999
vt 0.088501 0.978274
vt 0.088501 0.998999
vt 0.898999 0.791141
vt 0.829704 0.817181
vt 0.801001 0.754314
vt 0.098999 0.932819
vt 0.098999 0.946498
vt 0.076001 0.953544
vt 0.051001 0.932819
vt 0.073999 0.953544
vt 0.073999 0.932819
vt 0.098999 0.910092
vt 0.076001 0.930817
vt 0.098999 0.930817
vt 0.073999 0.910092
vt 0.051001 0.930817
vt 0.051001 0.923771
vt 0.073999 0.864637
vt 0.051001 0.908090
vt 0.073999 0.908090
vt 0.086499 0.978274
vt 0.076001 0.998999
vt 0.086499 0.998999
vt 0.023999 0.976272
vt 0.013501 0.955546
vt 0.013501 0.976272
vt 0.011499 0.976272
vt 0.001001 0.955546
vt 0.001001 0.976272
vt 0.298999 0.819183
vt 0.288501 0.862635
vt 0.298999 0.862635
vt 0.048999 0.976272
vt 0.038501 0.955546
vt 0.038501 0.976272
vt 0.238501 0.853274
vt 0.248999 0.862635
vt 0.248999 0.853274
vt 0.036499 0.976272
vt 0.026001 0.955546
vt 0.026001 0.976272
vt 0.226001 0.853274
vt 0.236499 0.862635
vt 0.236499 0.853274
vt 0.298999 0.908090
vt 0.276001 0.864637
vt 0.276001 0.908090
vt 0.023999 0.998999
vt 0.013501 0.978274
vt 0.013501 0.998999
vt 0.011499 0.978274
vt 0.001001 0.998999
vt 0.011499 0.998999
vt 0.273999 0.908090
vt 0.251001 0.864637
vt 0.251001 0.908090
vt 0.248999 0.841910
vt 0.238501 0.851272
vt 0.248999 0.851272
vt 0.236499 0.841910
vt 0.226001 0.851272
vt 0.236499 0.851272
vt 0.286499 0.819183
vt 0.276001 0.862635
vt 0.286499 0.862635
vt 0.048999 0.978274
vt 0.038501 0.998999
vt 0.048999 0.998999
vt 0.036499 0.978274
vt 0.026001 0.998999
vt 0.036499 0.998999
vt 0.148999 0.864637
vt 0.113501 0.887365
vt 0.126001 0.985320
vt 0.113501 0.841910
vt 0.086499 0.955546
vt 0.076001 0.978274
vt 0.023999 0.978274
vt 0.901001 0.364637
vt 0.176001 0.930817
vt 0.136499 0.864637
vt 0.101001 0.887365
vt 0.163501 0.819183
vt 0.101001 0.978274
vt 0.126001 0.976272
vt 0.026001 0.953544
vt 0.148999 0.841910
vt 0.051001 0.978274
vt 0.098999 0.978274
vt 0.098999 0.953544
vt 0.076001 0.910092
vt 0.026001 0.978274
vt 0.123999 0.864637
vt 0.201001 0.864637
vt 0.151001 0.819183
vt 0.188501 0.819183
vt 0.151001 0.841910
vt 0.101001 0.841910
vt 0.023999 0.955546
vt 0.288501 0.819183
vt 0.001001 0.978274
vt 0.038501 0.978274
vt 0.001001 0.001001
vt 0.148999 0.953544
vt 0.176001 0.932819
vt 0.051001 0.953544
vt 0.036499 0.955546
vt 0.173999 0.953544
vt 0.176001 0.819183
vt 0.173999 0.998999
vt 0.063501 0.955546
vt 0.098999 0.955546
vt 0.011499 0.955546
vt 0.929704 0.819183
vt 0.998999 0.845223
vt 0.148999 0.946498
vt 0.101001 0.946498
vt 0.101001 0.923771
vt 0.829704 0.819183
vt 0.898999 0.845223
vt 0.870296 0.908090
vt 0.101001 0.969225
vt 0.123999 0.819183
vt 0.173999 0.991953
vt 0.970296 0.728274
vt 0.998999 0.791140
vt 0.929704 0.817181
vt 0.001001 0.946498
vt 0.251001 0.819183
vt 0.048999 0.910092
vt 0.026001 0.930817
vt 0.026001 0.923771
vt 0.023999 0.923771
vt 0.801001 0.791141
vt 0.829704 0.728274
vt 0.898999 0.754314
vt 0.098999 0.946498
vt 0.073999 0.910092
vt 0.051001 0.930817
vt 0.051001 0.923771
vt 0.148999 0.887365
vt 0.023999 0.864637
vt 0.862561 0.796434
vt 0.796434 0.491086
vt 0.875932 0.610697
vt 0.557942 0.796434
vt 0.902674 0.610697
vt 0.517828 0.796434
vt 0.942788 0.610697
vt 0.929417 0.000000
vt 0.956159 0.000000
vt 0.305349 0.982172
vt 0.557942 1.000000
vt 0.491086 1.000000
vt 0.969530 0.000000
vt 0.942788 0.000000
vt 0.929417 0.610697
vt 0.571313 1.000000
vt 0.491086 0.796434
vt 0.916046 0.610697
vt 0.956159 0.610697
vt 0.544571 0.796434
vt 0.956159 0.814263
vt 0.982902 0.000000
vt 0.982902 0.610697
vt 0.995543 0.305349
vt 0.982901 0.203566
vt 0.996273 0.610697
vt 0.889303 0.610697
vt 0.000000 0.916046
vt 0.901001 0.001001
vt 0.001001 0.364637
vt 0.801001 0.001001
vt 0.798999 0.728274
vt 0.998999 0.882050
vt 0.970296 0.908090
vt 0.929704 0.908090
vt 0.901001 0.845223
vt 0.970296 0.819183
vt 0.126001 0.932819
vt 0.101001 0.932819
vt 0.123999 0.953544
vt 0.126001 0.910092
vt 0.148999 0.930817
vt 0.101001 0.910092
vt 0.123999 0.930817
vt 0.151001 0.932819
vt 0.151001 0.910092
vt 0.173999 0.930817
vt 0.176001 0.908090
vt 0.111499 0.864637
vt 0.213501 0.864637
vt 0.213501 0.839908
vt 0.201001 0.839908
vt 0.173999 0.864637
vt 0.136499 0.887365
vt 0.026001 0.819183
vt 0.213501 0.819183
vt 0.201001 0.819183
vt 0.898999 0.882050
vt 0.870296 0.908090
vt 0.829704 0.908090
vt 0.801001 0.845223
vt 0.870296 0.819183
vt 0.148999 0.998999
vt 0.101001 0.955546
vt 0.123999 0.976272
vt 0.001001 0.862635
vt 0.163501 0.841910
vt 0.238501 0.864637
vt 0.198999 0.841910
vt 0.238501 0.839908
vt 0.186499 0.841910
vt 0.226001 0.839908
vt 0.076001 0.819183
vt 0.101001 0.819183
vt 0.051001 0.819183
vt 0.238501 0.819183
vt 0.226001 0.819183
vt 0.236499 0.864637
vt 0.138501 0.819183
vt 0.126001 0.819183
vt 0.176001 0.978274
vt 0.198999 0.998999
vt 0.151001 0.978274
vt 0.901001 0.791141
vt 0.901001 0.754314
vt 0.176001 0.955546
vt 0.198999 0.976272
vt 0.151001 0.976272
vt 0.001001 0.932819
vt 0.023999 0.953544
vt 0.026001 0.864637
vt 0.136499 0.841910
vt 0.263501 0.819183
vt 0.213501 0.862635
vt 0.061499 0.955546
vt 0.201001 0.862635
vt 0.098999 0.864637
vt 0.213501 0.841910
vt 0.201001 0.841910
vt 0.063501 0.978274
vt 0.026001 0.910092
vt 0.048999 0.930817
vt 0.001001 0.910092
vt 0.023999 0.930817
vt 0.829704 0.728274
vt 0.870296 0.728274
vt 0.898999 0.754314
vt 0.870296 0.817181
vt 0.076001 0.932819
vt 0.051001 0.910092
vt 0.073999 0.930817
vt 0.051001 0.864637
vt 0.048999 0.955546
vt 0.238501 0.862635
vt 0.226001 0.862635
vt 0.298999 0.864637
vt 0.273999 0.864637
vt 0.238501 0.841910
vt 0.226001 0.841910
vt 0.276001 0.819183
vt 0.998999 0.882050
vt 0.970296 0.908090
vt 0.929704 0.908090
vt 0.901001 0.845223
vt 0.970296 0.819183
vt 0.829704 0.908090
vt 0.801001 0.882050
vt 0.801001 0.845223
vt 0.870296 0.819183
vt 0.898999 0.882050
vt 0.901001 0.754314
vt 0.929704 0.728274
vt 0.998999 0.754314
vt 0.970296 0.817181
vt 0.898999 0.791140
vt 0.870296 0.817181
vt 0.829704 0.817181
vt 0.870296 0.728274
s 1
f 5/1/1 8/2/1 6/3/1
f 1/4/2 4/5/2 2/6/2
f 18/7/3 77/8/4 17/9/4
f 24/10/5 67/11/5 22/12/5
f 10/13/6 73/14/6 9/15/6
f 3/16/7 52/17/8 4/18/8
f 23/19/9 68/20/10 24/21/10
f 21/22/11 24/23/11 22/24/11
f 15/25/12 54/26/12 16/27/12
f 9/28/13 74/29/14 11/30/14
f 5/31/15 64/32/15 7/33/15
f 17/34/16 20/35/16 18/22/16
f 17/36/17 78/37/17 19/38/17
f 2/21/18 61/39/19 1/40/19
f 12/41/20 49/42/21 10/43/21
f 13/44/22 16/4/22 14/45/22
f 8/46/23 55/47/23 6/48/23
f 22/49/24 79/50/25 21/51/25
f 20/52/26 65/53/27 18/54/27
f 9/55/28 12/56/28 10/57/28
f 14/58/29 75/59/29 13/60/29
f 7/61/30 56/62/31 8/63/31
f 19/64/32 66/65/33 20/66/33
f 1/67/34 62/68/34 3/69/34
f 11/70/35 50/71/35 12/72/35
f 13/73/36 76/74/37 15/75/37
f 6/76/38 63/77/39 5/78/39
f 4/79/40 51/80/40 2/81/40
f 21/82/41 80/83/41 23/84/41
f 16/85/42 53/86/43 14/87/43
f 47/88/1 36/89/1 64/90/1
f 36/91/11 31/92/11 80/93/11
f 40/94/22 72/95/22 76/96/22
f 48/97/2 39/98/2 62/99/2
f 37/100/28 71/101/28 74/102/28
f 42/103/16 69/104/16 78/105/16
f 43/106/28 73/107/28 69/108/28
f 46/109/28 74/102/28 73/107/28
f 30/110/2 61/111/2 57/112/2
f 44/113/2 62/99/2 61/111/2
f 32/114/22 75/115/22 31/116/22
f 47/117/22 76/96/22 75/115/22
f 41/118/1 63/119/1 60/120/1
f 40/121/1 64/90/1 63/119/1
f 55/122/1 37/123/1 46/124/1
f 42/125/1 46/124/1 43/126/1
f 60/120/1 55/122/1 42/125/1
f 51/127/2 25/128/2 45/121/2
f 27/129/2 45/121/2 28/118/2
f 57/112/2 51/127/2 27/129/2
f 41/130/16 77/131/16 72/132/16
f 60/133/16 78/105/16 77/131/16
f 52/134/2 26/135/2 25/128/2
f 62/99/2 59/136/2 52/134/2
f 38/137/11 79/138/11 71/139/11
f 58/140/11 80/93/11 79/138/11
f 56/141/1 38/142/1 37/123/1
f 64/90/1 58/143/1 56/141/1
f 67/144/11 59/100/11 39/145/11
f 33/146/11 39/145/11 34/106/11
f 71/139/11 67/144/11 33/146/11
f 65/147/16 57/148/16 27/149/16
f 35/150/16 27/149/16 28/151/16
f 72/132/16 65/147/16 35/150/16
f 53/152/22 45/136/22 25/153/22
f 70/154/22 25/153/22 26/155/22
f 31/116/22 53/152/22 70/154/22
f 49/156/28 48/143/28 44/157/28
f 29/158/28 44/157/28 30/135/28
f 69/108/28 49/156/28 29/158/28
f 66/159/16 30/110/16 57/148/16
f 78/105/16 29/113/16 66/159/16
f 50/160/28 34/142/28 48/143/28
f 74/102/28 33/161/28 50/160/28
f 54/162/22 28/135/22 45/136/22
f 76/96/22 35/158/22 54/162/22
f 68/163/11 26/164/11 59/100/11
f 80/93/11 70/165/11 68/163/11
f 82/166/44 83/167/44 81/168/44
f 84/169/16 87/170/16 83/171/16
f 88/172/45 85/173/45 87/174/45
f 86/175/11 81/176/11 85/177/11
f 87/178/46 81/179/46 83/180/46
f 84/181/47 86/182/47 88/183/47
f 93/184/16 95/185/16 89/186/16
f 104/187/48 111/188/48 112/189/48
f 93/190/49 113/191/49 102/192/49
f 91/193/50 100/194/50 114/195/50
f 89/196/51 115/197/51 98/198/51
f 122/199/52 132/200/52 146/201/52
f 95/202/53 102/203/53 103/204/53
f 125/205/54 145/206/54 134/207/54
f 90/208/55 99/209/55 91/210/55
f 95/211/56 104/212/56 116/213/56
f 106/214/11 107/215/11 105/216/11
f 102/217/57 109/218/57 110/219/57
f 100/220/58 107/221/58 108/222/59
f 98/223/60 106/224/60 105/225/60
f 109/226/55 120/227/55 112/228/55
f 102/229/61 111/230/61 103/231/61
f 101/232/22 117/233/22 109/234/22
f 98/235/62 107/236/62 99/237/62
f 97/238/28 119/239/28 106/240/28
f 109/241/11 111/242/11 110/243/11
f 115/244/63 120/245/63 119/246/63
f 113/247/64 118/248/64 117/249/64
f 119/250/11 117/251/11 118/252/11
f 100/253/65 118/254/65 114/255/65
f 104/256/66 120/257/66 116/258/66
f 106/259/53 118/260/53 108/261/53
f 96/262/67 115/263/67 89/264/67
f 135/265/68 144/266/68 136/267/68
f 92/268/69 113/269/69 93/270/69
f 125/271/16 127/272/16 124/273/16
f 124/274/70 129/275/70 130/276/70
f 127/277/71 134/278/71 135/279/71
f 123/280/72 131/281/72 122/282/72
f 127/283/73 136/284/73 148/285/73
f 138/286/11 139/287/11 137/288/11
f 133/289/74 142/290/74 134/291/74
f 131/292/75 140/293/75 132/294/75
f 129/295/76 137/296/76 130/297/76
f 141/298/72 152/299/72 144/300/72
f 135/301/77 142/302/77 143/303/78
f 133/304/79 149/305/79 141/306/79
f 131/307/80 137/308/80 139/309/80
f 129/310/81 151/311/81 138/312/81
f 144/313/11 142/314/11 141/315/11
f 147/316/82 152/317/82 151/318/82
f 146/319/83 149/320/83 145/321/83
f 151/322/11 149/323/11 150/324/11
f 132/325/84 150/326/84 146/327/84
f 136/328/85 152/329/85 148/330/85
f 140/331/71 151/332/71 150/333/71
f 128/334/86 147/335/86 124/336/86
f 121/337/87 145/338/87 125/339/87
f 154/340/88 164/341/88 178/342/89
f 157/343/90 177/344/90 166/345/90
f 167/346/91 176/347/91 168/348/91
f 157/349/16 159/350/16 156/351/16
f 156/352/92 179/353/92 162/354/92
f 158/355/93 167/356/93 159/357/93
f 155/358/94 163/359/94 154/360/94
f 159/361/95 168/362/95 180/363/95
f 169/364/11 172/365/11 171/366/11
f 165/367/96 174/368/96 166/369/97
f 164/370/98 171/371/98 172/372/98
f 162/373/99 170/374/99 169/375/100
f 173/376/94 184/377/94 176/378/94
f 166/379/101 175/380/101 167/381/101
f 165/382/102 181/383/102 173/384/102
f 163/385/103 169/386/103 171/387/103
f 161/388/104 183/389/104 170/390/104
f 173/391/11 175/392/11 174/393/11
f 179/394/105 184/395/105 183/396/105
f 177/397/106 182/398/106 181/399/106
f 182/400/11 184/401/11 181/402/11
f 164/403/107 182/404/107 178/405/107
f 168/406/108 184/407/108 180/408/108
f 170/409/93 182/410/93 172/411/93
f 160/412/109 179/413/109 156/414/109
f 153/415/110 177/416/110 157/417/110
f 186/418/111 196/419/111 210/420/111
f 189/421/112 209/422/112 198/423/112
f 200/424/113 207/425/113 208/426/113
f 189/427/16 191/428/16 188/429/16
f 188/430/114 211/431/114 194/432/114
f 190/433/115 199/434/115 191/435/115
f 186/436/116 194/437/116 195/438/116
f 191/439/117 200/440/117 212/441/117
f 201/442/11 204/443/11 203/444/11
f 197/445/118 206/446/118 198/447/119
f 196/448/120 203/449/120 204/450/120
f 194/451/121 202/452/121 201/453/121
f 205/454/116 216/455/116 208/456/116
f 199/457/122 206/458/122 207/459/122
f 197/460/123 213/461/123 205/462/123
f 195/463/124 201/464/124 203/465/124
f 193/466/125 215/467/125 202/468/125
f 205/469/11 207/470/11 206/471/11
f 211/472/126 216/473/126 215/474/126
f 210/475/127 213/476/127 209/477/127
f 214/478/11 216/479/11 213/480/11
f 196/481/128 214/482/128 210/483/128
f 200/484/129 216/485/129 212/486/129
f 202/487/115 214/488/115 204/489/115
f 192/490/130 211/491/130 188/492/130
f 185/493/131 209/494/131 189/495/131
f 218/166/132 219/167/132 217/168/132
f 220/169/28 223/170/28 219/171/28
f 224/172/133 221/173/133 223/174/133
f 222/175/22 217/176/22 221/177/22
f 223/178/134 217/179/134 219/180/134
f 220/181/135 222/182/135 224/183/135
f 229/184/28 231/185/28 225/186/28
f 240/187/136 247/188/136 248/189/136
f 229/190/137 249/191/137 238/192/137
f 227/193/138 236/194/138 250/195/138
f 225/196/139 251/197/139 234/198/139
f 258/199/140 268/200/140 282/201/140
f 231/202/141 238/203/141 239/204/141
f 261/205/142 281/206/142 270/207/142
f 226/208/143 235/209/143 227/210/143
f 231/211/144 240/212/144 252/213/144
f 242/214/22 243/215/22 241/216/22
f 238/217/145 245/218/145 246/219/145
f 235/496/146 244/222/147 236/220/147
f 234/223/148 242/224/148 241/225/149
f 245/226/143 256/227/143 248/228/143
f 239/231/150 246/497/151 247/230/150
f 237/232/16 253/233/16 245/234/16
f 234/235/152 243/236/152 235/237/152
f 233/238/11 255/239/11 242/240/11
f 245/241/22 247/242/22 246/243/22
f 251/244/153 256/245/153 255/246/153
f 249/247/154 254/248/154 253/249/154
f 255/250/22 253/251/22 254/252/22
f 236/253/155 254/254/155 250/255/155
f 240/256/156 256/257/156 252/258/156
f 242/259/141 254/260/141 244/261/141
f 232/262/157 251/263/157 225/264/157
f 271/265/158 280/266/158 272/267/158
f 228/268/159 249/269/159 229/270/159
f 261/271/28 263/272/28 260/273/28
f 260/274/160 283/498/160 266/276/160
f 263/277/161 270/278/161 271/279/161
f 259/280/162 267/281/162 258/282/162
f 263/283/163 272/284/163 284/285/163
f 274/286/22 275/287/22 273/288/22
f 269/289/164 278/290/164 270/291/164
f 267/292/165 276/293/165 268/294/165
f 265/295/166 273/296/166 266/297/166
f 277/298/162 288/299/162 280/300/162
f 271/301/167 278/302/167 279/303/167
f 269/304/168 285/305/168 277/306/168
f 267/307/169 273/308/169 275/309/169
f 265/310/170 287/311/170 274/312/170
f 280/313/22 278/314/22 277/315/22
f 283/316/171 288/317/171 287/318/171
f 282/319/172 285/320/172 281/321/172
f 287/322/22 285/323/22 286/324/22
f 268/325/173 286/326/173 282/327/173
f 272/328/174 288/329/175 284/330/174
f 276/331/161 287/332/161 286/333/161
f 264/334/176 283/335/176 260/336/176
f 257/337/177 281/338/177 261/339/177
f 290/340/178 300/341/178 314/342/178
f 293/343/179 313/344/179 302/345/179
f 304/348/180 311/499/180 312/347/180
f 293/349/28 295/350/28 292/351/28
f 292/352/181 315/353/181 298/354/181
f 294/355/182 303/356/182 295/357/182
f 291/358/183 299/359/183 290/360/183
f 295/361/184 304/362/184 316/363/184
f 305/364/22 308/365/22 307/366/22
f 301/367/185 310/368/185 302/369/186
f 300/370/187 307/371/187 308/372/187
f 298/373/188 306/374/188 305/375/189
f 309/376/183 320/377/183 312/378/183
f 302/379/190 311/380/190 303/381/190
f 301/382/191 317/383/191 309/384/191
f 299/385/192 305/386/192 307/387/192
f 297/388/193 319/389/193 306/390/193
f 309/391/22 311/392/22 310/393/22
f 315/394/194 320/395/194 319/396/194
f 314/500/195 317/399/195 313/397/195
f 318/400/22 320/401/22 317/402/22
f 300/403/196 318/404/196 314/405/196
f 304/406/197 320/407/197 316/408/197
f 306/409/182 318/410/182 308/411/182
f 296/412/198 315/413/198 292/414/198
f 289/415/199 313/416/199 293/417/199
f 322/418/200 332/419/200 346/420/200
f 325/421/201 345/422/201 334/423/201
f 336/424/202 343/425/202 344/426/202
f 325/427/28 327/428/28 324/429/28
f 324/430/203 347/431/203 330/432/203
f 326/433/204 335/434/204 327/435/204
f 322/436/205 330/437/205 331/438/205
f 327/439/206 336/440/206 348/441/206
f 337/442/22 340/443/22 339/444/22
f 334/447/207 341/501/208 342/446/207
f 332/448/209 339/449/209 340/450/209
f 330/451/210 338/452/210 337/453/210
f 341/454/205 352/455/205 344/456/205
f 335/457/211 342/458/211 343/459/211
f 333/460/212 349/461/212 341/462/212
f 331/463/213 337/464/213 339/465/213
f 329/466/214 351/467/214 338/468/214
f 341/469/22 343/470/22 342/471/22
f 348/502/215 351/474/215 347/472/215
f 346/475/216 349/476/216 345/477/216
f 350/478/22 352/479/22 349/480/22
f 332/481/217 350/482/217 346/483/217
f 336/484/218 352/485/218 348/486/218
f 338/487/204 350/488/204 340/489/204
f 328/490/219 347/491/219 324/492/219
f 321/493/220 345/494/220 325/495/220
f 354/166/221 355/167/221 353/168/221
f 356/169/11 359/170/11 355/171/11
f 359/174/222 358/503/222 357/173/222
f 358/175/16 353/176/16 357/177/16
f 359/178/223 353/179/223 355/180/223
f 356/181/224 358/182/224 360/183/224
f 365/184/11 367/185/11 361/186/11
f 376/187/225 383/188/225 384/189/225
f 365/190/69 385/191/69 374/192/69
f 363/193/53 372/194/53 386/195/53
f 361/196/67 387/197/67 370/198/67
f 394/199/226 404/200/226 418/201/226
f 367/202/50 374/203/50 375/204/50
f 397/205/227 417/206/227 406/207/227
f 363/210/56 370/504/56 371/209/56
f 367/211/55 376/212/55 388/213/55
f 378/214/16 379/215/16 377/216/16
f 374/217/228 381/218/228 382/219/228
f 371/496/229 380/222/229 372/220/229
f 369/505/230 377/225/231 370/223/231
f 381/226/56 392/227/56 384/228/56
f 374/229/232 383/230/232 375/231/232
f 373/232/28 389/233/28 381/234/28
f 371/237/233 377/506/233 379/236/233
f 369/238/22 391/239/22 378/240/22
f 381/241/16 383/242/16 382/243/16
f 387/244/234 392/245/234 391/246/234
f 385/247/235 390/248/235 389/249/235
f 391/250/16 389/251/16 390/252/16
f 372/253/236 390/254/236 386/255/236
f 376/256/237 392/257/237 388/258/237
f 378/259/50 390/260/50 380/261/50
f 361/264/51 388/507/51 387/263/51
f 407/265/238 416/266/238 408/267/238
f 364/268/49 385/269/49 365/270/49
f 397/271/11 399/272/11 396/273/11
f 396/274/239 419/498/239 402/276/239
f 398/508/240 407/279/240 399/277/240
f 394/282/241 402/509/241 403/281/241
f 399/283/242 408/284/242 420/285/242
f 410/286/16 411/287/16 409/288/16
f 405/289/243 414/290/243 406/291/243
f 403/292/244 412/293/244 404/294/244
f 401/295/245 409/296/245 402/297/245
f 413/298/241 424/299/241 416/300/241
f 407/301/246 414/302/246 415/303/246
f 405/304/247 421/305/247 413/306/247
f 403/307/248 409/308/248 411/309/248
f 401/310/249 423/311/249 410/312/249
f 416/313/16 414/314/16 413/315/16
f 419/316/250 424/317/250 423/318/250
f 418/319/251 421/320/251 417/321/251
f 423/322/16 421/323/16 422/324/16
f 404/325/252 422/326/252 418/327/252
f 408/328/253 424/329/253 420/330/253
f 412/331/240 423/332/240 422/333/240
f 400/334/254 419/335/254 396/336/254
f 393/337/255 417/338/255 397/339/255
f 426/340/256 436/341/256 450/342/257
f 429/343/258 449/344/258 438/345/258
f 440/348/259 447/499/259 448/347/259
f 429/349/11 431/350/11 428/351/11
f 428/352/260 451/353/260 434/354/260
f 430/355/261 439/356/261 431/357/261
f 426/360/262 434/510/262 435/359/262
f 431/361/263 440/362/263 452/363/263
f 441/364/16 444/365/16 443/366/16
f 437/367/264 446/368/264 438/369/265
f 435/511/266 444/372/267 436/370/267
f 434/373/268 442/374/269 441/375/268
f 445/376/262 456/377/262 448/378/262
f 438/379/270 447/380/270 439/381/270
f 437/382/271 453/383/271 445/384/271
f 435/385/272 441/386/272 443/387/272
f 433/388/273 455/389/273 442/390/273
f 445/391/16 447/392/16 446/393/16
f 451/394/274 456/395/274 455/396/274
f 449/397/275 454/398/275 453/399/275
f 454/400/16 456/401/16 453/402/16
f 436/403/276 454/404/276 450/405/276
f 440/406/277 456/407/277 452/408/277
f 442/409/261 454/410/261 444/411/261
f 432/412/278 451/413/278 428/414/278
f 429/417/279 450/512/279 449/416/279
f 458/418/280 468/419/280 482/420/280
f 461/421/281 481/422/281 470/423/281
f 471/513/282 480/426/283 472/424/283
f 461/427/11 463/428/11 460/429/11
f 460/430/284 465/514/284 466/432/284
f 462/433/285 471/434/285 463/435/285
f 459/515/286 467/438/286 458/436/286
f 463/439/287 472/440/287 484/441/287
f 473/442/16 476/443/16 475/444/16
f 469/445/288 478/446/288 470/447/288
f 468/448/289 475/449/289 476/450/289
f 466/451/290 474/452/290 473/453/290
f 477/454/286 488/455/286 480/456/286
f 471/457/291 478/458/291 479/459/291
f 469/460/292 485/461/292 477/462/292
f 467/463/293 473/464/293 475/465/293
f 465/466/294 487/467/294 474/468/294
f 477/469/16 479/470/16 478/471/16
f 484/502/295 487/474/295 483/472/295
f 482/475/296 485/476/296 481/477/296
f 486/478/16 488/479/16 485/480/16
f 468/481/297 486/482/297 482/483/297
f 472/484/298 488/485/298 484/486/298
f 474/487/285 486/488/285 476/489/285
f 464/490/299 483/491/299 460/492/299
f 461/495/300 482/516/300 481/494/300
f 490/166/301 491/167/301 489/168/301
f 492/169/22 495/170/22 491/171/22
f 496/172/302 493/173/302 495/174/302
f 494/175/28 489/176/28 493/177/28
f 495/178/303 489/179/303 491/180/303
f 492/181/304 494/182/304 496/183/304
f 501/184/22 503/185/22 497/186/22
f 511/517/305 520/189/305 512/187/305
f 501/190/159 521/191/159 510/192/159
f 499/193/141 508/194/141 522/195/141
f 497/196/157 523/197/157 506/198/157
f 530/199/306 540/200/306 554/201/306
f 503/202/138 510/203/138 511/204/138
f 533/205/307 553/206/307 542/207/307
f 498/208/144 507/209/144 499/210/144
f 503/211/143 512/212/143 524/213/143
f 514/214/28 515/215/28 513/216/28
f 510/217/308 517/218/308 518/219/308
f 507/496/309 516/222/310 508/220/310
f 506/223/311 514/224/311 513/225/311
f 517/226/144 528/227/144 520/228/144
f 511/231/312 518/497/312 519/230/312
f 509/232/11 525/233/11 517/234/11
f 506/235/313 515/236/313 507/237/313
f 505/238/16 527/239/16 514/240/16
f 517/241/28 519/242/28 518/243/28
f 523/244/314 528/245/314 527/246/314
f 521/247/315 526/248/315 525/249/315
f 527/250/28 525/251/28 526/252/28
f 508/253/316 526/254/316 522/255/316
f 512/256/317 528/257/317 524/258/317
f 516/261/138 527/518/138 526/260/138
f 504/262/139 523/263/139 497/264/139
f 544/267/318 551/519/318 552/266/318
f 501/270/137 522/520/137 521/269/137
f 533/271/22 535/272/22 532/273/22
f 532/274/319 555/498/319 538/276/319
f 535/277/320 542/278/320 543/279/320
f 531/280/321 539/281/321 530/282/321
f 535/283/322 544/284/322 556/285/322
f 546/286/28 547/287/28 545/288/28
f 541/289/323 550/290/323 542/291/323
f 539/292/324 548/293/325 540/294/325
f 538/297/326 546/521/326 545/296/326
f 549/298/321 560/299/321 552/300/321
f 543/301/327 550/302/327 551/303/327
f 541/304/328 557/305/328 549/306/328
f 539/307/329 545/308/329 547/309/329
f 537/310/330 559/311/330 546/312/330
f 552/313/28 550/314/28 549/315/28
f 555/316/331 560/317/331 559/318/331
f 554/319/332 557/320/332 553/321/332
f 559/322/28 557/323/28 558/324/28
f 540/325/333 558/326/333 554/327/333
f 544/328/334 560/329/335 556/330/334
f 548/331/320 559/332/320 558/333/320
f 536/334/336 555/335/336 532/336/336
f 529/337/337 553/338/337 533/339/337
f 562/340/338 572/341/338 586/342/338
f 565/343/339 585/344/339 574/345/339
f 576/348/340 583/499/340 584/347/340
f 565/349/22 567/350/22 564/351/22
f 564/352/341 587/353/341 570/354/341
f 566/355/342 575/356/342 567/357/342
f 563/358/343 571/359/343 562/360/343
f 567/361/344 576/362/344 588/363/344
f 577/364/28 580/365/28 579/366/28
f 574/369/345 581/522/345 582/368/345
f 572/370/346 579/371/346 580/372/346
f 570/373/347 578/374/347 577/375/348
f 581/376/343 592/377/343 584/378/343
f 574/379/349 583/380/349 575/381/349
f 573/382/350 589/383/350 581/384/350
f 571/385/351 577/386/351 579/387/351
f 569/388/352 591/389/352 578/390/352
f 581/391/28 583/392/28 582/393/28
f 587/394/353 592/395/353 591/396/353
f 586/500/354 589/399/354 585/397/354
f 590/400/28 592/401/28 589/402/28
f 572/403/355 590/404/355 586/405/355
f 576/406/356 592/407/356 588/408/356
f 578/409/342 590/410/342 580/411/342
f 568/412/357 587/413/357 564/414/357
f 561/415/358 585/416/358 565/417/358
f 594/418/359 604/419/359 618/420/359
f 597/421/360 617/422/360 606/423/360
f 608/424/361 615/425/361 616/426/361
f 597/427/22 599/428/22 596/429/22
f 596/430/362 619/431/362 602/432/362
f 598/433/363 607/434/363 599/435/363
f 594/436/364 602/437/364 603/438/364
f 599/439/365 608/440/365 620/441/365
f 609/442/28 612/443/28 611/444/28
f 605/445/366 614/446/366 606/447/366
f 603/523/367 612/450/367 604/448/367
f 602/451/368 610/452/368 609/453/368
f 616/456/364 621/524/364 624/455/364
f 607/457/369 614/458/369 615/459/369
f 605/460/370 621/461/370 613/462/370
f 603/463/371 609/464/371 611/465/371
f 601/466/372 623/467/372 610/468/372
f 613/469/28 615/470/28 614/471/28
f 619/472/373 624/473/373 623/474/373
f 617/477/374 622/525/374 621/476/374
f 622/478/28 624/479/28 621/480/28
f 604/481/375 622/482/375 618/483/375
f 608/484/376 624/485/376 620/486/376
f 610/487/363 622/488/363 612/489/363
f 596/492/377 620/526/377 619/491/377
f 593/493/378 617/494/378 597/495/378
f 626/166/379 627/167/379 625/168/379
f 627/171/2 632/527/2 631/170/2
f 631/174/380 630/503/380 629/173/380
f 630/175/1 625/176/1 629/177/1
f 631/178/381 625/179/381 627/180/381
f 628/181/382 630/182/382 632/183/382
f 637/184/2 639/185/2 633/186/2
f 648/187/383 655/188/383 656/189/383
f 637/190/384 645/528/384 646/192/384
f 635/193/385 644/194/385 658/195/385
f 633/196/386 659/197/386 642/198/386
f 666/199/387 676/200/387 690/201/387
f 638/529/388 647/204/388 639/202/388
f 669/205/389 689/206/389 678/207/389
f 635/210/390 642/504/390 643/209/390
f 639/211/391 648/212/391 660/213/391
f 650/214/1 651/215/1 649/216/1
f 646/217/392 653/218/392 654/219/392
f 643/496/393 652/222/394 644/220/394
f 642/223/395 650/224/395 649/225/395
f 653/226/390 664/227/390 656/228/390
f 646/229/396 655/230/396 647/231/396
f 645/232/28 661/233/28 653/234/28
f 642/235/397 651/236/397 643/237/397
f 641/238/22 663/239/22 650/240/22
f 653/241/1 655/242/1 654/243/1
f 659/244/398 664/245/398 663/246/398
f 657/247/399 662/248/399 661/249/399
f 663/250/1 661/251/1 662/252/1
f 644/253/400 662/254/400 658/255/400
f 648/256/401 664/257/401 660/258/401
f 650/259/388 662/260/388 652/261/388
f 633/264/402 660/507/402 659/263/402
f 679/265/403 688/266/403 680/267/403
f 636/268/404 657/269/404 637/270/404
f 669/271/2 671/272/2 668/273/2
f 668/274/405 691/498/405 674/276/405
f 671/277/406 678/278/406 679/279/406
f 666/282/407 674/509/407 675/281/407
f 671/283/408 680/284/408 692/285/408
f 682/286/1 683/287/1 681/288/1
f 677/289/409 686/290/409 678/291/409
f 675/292/410 684/293/410 676/294/410
f 674/297/411 682/521/411 681/296/411
f 685/298/407 696/299/407 688/300/407
f 679/301/412 686/302/412 687/303/412
f 677/304/413 693/305/413 685/306/413
f 675/307/414 681/308/414 683/309/414
f 673/310/415 695/311/415 682/312/415
f 688/313/1 686/314/1 685/315/1
f 691/316/416 696/317/416 695/318/416
f 690/319/417 693/320/417 689/321/417
f 695/322/1 693/323/1 694/324/1
f 676/325/418 694/326/418 690/327/418
f 680/328/419 696/329/420 692/330/419
f 684/331/406 695/332/406 694/333/406
f 672/334/421 691/335/421 668/336/421
f 665/337/422 689/338/422 669/339/422
f 698/340/423 708/341/423 722/342/423
f 701/343/424 721/344/424 710/345/424
f 712/348/425 719/499/425 720/347/425
f 701/349/2 703/350/2 700/351/2
f 700/352/426 723/353/426 706/354/426
f 702/355/427 711/356/427 703/357/427
f 698/360/428 706/510/428 707/359/428
f 703/361/429 712/362/429 724/363/429
f 713/364/1 716/365/1 715/366/1
f 709/367/430 718/368/430 710/369/430
f 707/511/431 716/372/431 708/370/431
f 706/373/432 714/374/432 713/375/433
f 717/376/428 728/377/428 720/378/428
f 710/379/434 719/380/434 711/381/434
f 709/382/435 725/383/435 717/384/435
f 707/385/436 713/386/436 715/387/436
f 705/388/437 727/389/437 714/390/437
f 717/391/1 719/392/1 718/393/1
f 723/394/438 728/395/438 727/396/438
f 722/500/439 725/399/439 721/397/439
f 726/400/1 728/401/1 725/402/1
f 708/403/440 726/404/440 722/405/440
f 712/406/441 728/407/441 724/408/441
f 714/409/427 726/410/427 716/411/427
f 704/412/442 723/413/442 700/414/442
f 701/417/443 722/512/443 721/416/443
f 730/418/444 740/419/444 754/420/444
f 733/421/445 753/422/445 742/423/445
f 743/513/446 752/426/447 744/424/447
f 733/427/2 735/428/2 732/429/2
f 732/430/448 755/431/448 738/432/448
f 735/435/449 742/530/449 743/434/449
f 730/436/450 738/437/450 739/438/450
f 735/439/451 744/440/451 756/441/451
f 745/442/1 748/443/1 747/444/1
f 741/445/452 750/446/453 742/447/453
f 740/448/454 747/449/455 748/450/454
f 738/451/456 746/452/456 745/453/456
f 749/454/450 760/455/450 752/456/450
f 743/457/457 750/458/457 751/459/457
f 741/460/458 757/461/458 749/462/458
f 738/531/459 747/465/459 739/463/459
f 737/466/460 759/467/460 746/468/460
f 749/469/1 751/470/1 750/471/1
f 756/502/461 759/474/461 755/472/461
f 754/475/462 757/476/462 753/477/462
f 758/478/1 760/479/1 757/480/1
f 740/481/463 758/482/463 754/483/463
f 744/484/464 760/485/464 756/486/464
f 746/487/449 758/488/449 748/489/449
f 736/490/465 755/491/465 732/492/465
f 733/495/466 754/516/466 753/494/466
f 762/166/467 763/167/467 761/168/467
f 764/169/1 767/170/1 763/171/1
f 768/172/468 765/173/468 767/174/468
f 766/175/2 761/176/2 765/177/2
f 767/178/469 761/179/469 763/180/469
f 764/181/470 766/182/470 768/183/470
f 773/184/1 775/185/1 769/186/1
f 784/187/471 791/188/471 792/189/471
f 773/190/402 793/191/402 782/192/402
f 771/193/390 780/194/390 794/195/390
f 769/196/404 795/197/404 778/198/404
f 802/199/472 812/200/472 826/201/472
f 775/202/391 782/203/391 783/204/391
f 805/205/473 813/532/473 814/207/473
f 771/210/385 778/504/385 779/209/385
f 775/211/388 784/212/388 796/213/388
f 786/214/2 787/215/2 785/216/2
f 782/217/474 789/218/474 790/219/474
f 779/496/475 788/222/476 780/220/476
f 778/223/477 786/224/477 785/225/477
f 789/226/385 800/227/385 792/228/385
f 783/231/478 790/497/478 791/230/478
f 781/232/28 797/233/28 789/234/28
f 778/235/479 787/236/479 779/237/479
f 777/238/22 799/239/22 786/240/22
f 789/241/2 791/242/2 790/243/2
f 795/244/480 800/245/480 799/246/480
f 793/247/481 798/248/481 797/249/481
f 799/250/2 797/251/2 798/252/2
f 780/253/482 798/254/482 794/255/482
f 784/256/483 800/257/483 796/258/483
f 786/259/391 798/260/391 788/261/391
f 769/264/384 796/507/384 795/263/384
f 815/265/484 824/266/484 816/267/484
f 772/268/386 793/269/386 773/270/386
f 805/271/1 807/272/1 804/273/1
f 804/274/485 827/498/485 810/276/485
f 807/277/486 814/278/486 815/279/486
f 802/282/487 810/509/487 811/281/487
f 807/283/488 816/284/488 828/285/488
f 818/286/2 819/287/2 817/288/2
f 814/291/489 821/533/489 822/290/489
f 811/292/490 820/293/490 812/294/490
f 810/297/491 818/521/491 817/296/491
f 821/298/487 832/299/487 824/300/487
f 815/301/492 822/302/492 823/303/492
f 813/304/493 829/305/493 821/306/493
f 811/307/494 817/308/494 819/309/494
f 809/310/495 831/311/495 818/312/495
f 824/313/2 822/314/2 821/315/2
f 827/316/496 832/317/496 831/318/496
f 826/319/497 829/320/497 825/321/497
f 831/322/2 829/323/2 830/324/2
f 812/325/498 830/326/498 826/327/498
f 816/328/499 832/329/500 828/330/499
f 820/331/486 831/332/486 830/333/486
f 808/334/501 827/335/501 804/336/501
f 801/337/502 825/338/502 805/339/502
f 834/340/503 844/341/503 858/342/503
f 837/343/504 845/534/504 846/345/504
f 848/348/505 855/499/505 856/347/505
f 837/349/1 839/350/1 836/351/1
f 836/352/506 859/353/506 842/354/506
f 838/355/507 847/356/507 839/357/507
f 834/360/508 842/510/508 843/359/508
f 839/361/509 848/362/509 860/363/509
f 849/364/2 852/365/2 851/366/2
f 845/367/510 854/368/511 846/369/511
f 844/370/512 851/371/512 852/372/512
f 842/373/513 850/374/513 849/375/513
f 853/376/508 864/377/508 856/378/508
f 847/381/514 854/535/514 855/380/514
f 845/382/515 861/383/515 853/384/515
f 843/385/516 849/386/516 851/387/516
f 841/388/517 863/389/517 850/390/517
f 853/391/2 855/392/2 854/393/2
f 860/536/518 863/396/518 859/394/518
f 858/500/519 861/399/519 857/397/519
f 862/400/2 864/401/2 861/402/2
f 844/403/520 862/404/520 858/405/520
f 848/406/521 864/407/521 860/408/521
f 850/409/507 862/410/507 852/411/507
f 840/412/522 859/413/522 836/414/522
f 837/417/523 858/512/523 857/416/523
f 866/418/524 876/419/524 890/420/524
f 869/421/525 889/422/525 878/423/525
f 880/424/526 887/425/526 888/426/526
f 869/427/1 871/428/1 868/429/1
f 868/430/527 891/431/527 874/432/527
f 870/433/528 879/434/528 871/435/528
f 866/436/529 874/437/529 875/438/529
f 871/439/530 880/440/530 892/441/530
f 881/442/2 884/443/2 883/444/2
f 877/445/531 886/446/532 878/447/532
f 876/448/533 883/449/534 884/450/533
f 873/537/535 881/453/535 874/451/536
f 885/454/529 896/455/529 888/456/529
f 879/457/537 886/458/537 887/459/537
f 877/460/538 893/461/538 885/462/538
f 874/531/539 883/465/539 875/463/539
f 873/466/540 895/467/540 882/468/540
f 885/469/2 887/470/2 886/471/2
f 892/502/541 895/474/541 891/472/541
f 890/475/542 893/476/542 889/477/542
f 894/478/2 896/479/2 893/480/2
f 876/481/543 894/482/543 890/483/543
f 880/484/544 896/485/544 892/486/544
f 882/487/528 894/488/528 884/489/528
f 872/490/545 891/491/545 868/492/545
f 869/495/546 890/516/546 889/494/546
f 898/166/304 899/167/304 897/168/304
f 900/169/22 903/170/22 899/171/22
f 904/172/303 901/173/303 903/174/303
f 902/175/28 897/176/28 901/177/28
f 903/178/301 897/179/301 899/180/301
f 900/181/302 902/182/302 904/183/302
f 909/184/22 911/538/22 905/539/22
f 920/187/311 927/188/311 928/189/311
f 909/190/143 929/540/143 918/192/143
f 907/193/159 916/194/159 930/541/159
f 905/196/141 931/197/141 914/198/141
f 938/199/307 948/200/307 962/542/307
f 911/202/139 918/203/139 919/204/139
f 941/205/322 961/206/322 950/207/322
f 906/208/137 915/209/137 907/210/137
f 911/211/157 920/212/157 932/213/157
f 922/214/28 923/215/28 921/216/28
f 918/217/305 925/218/547 926/219/305
f 915/496/308 924/222/308 916/220/308
f 914/223/310 922/224/309 921/225/310
f 925/226/137 936/227/137 928/228/137
f 919/231/314 926/497/314 927/230/314
f 917/232/1 933/233/1 925/234/1
f 914/235/315 923/236/315 915/237/315
f 913/238/2 935/239/2 922/240/2
f 925/241/28 927/242/28 926/243/28
f 931/244/313 936/245/313 935/246/313
f 929/247/312 934/248/312 933/249/312
f 935/250/28 933/251/28 934/252/28
f 916/253/156 934/254/156 930/255/156
f 920/256/155 936/257/155 932/258/155
f 922/259/139 934/260/139 924/261/139
f 912/262/144 931/263/144 905/264/144
f 952/267/326 959/519/326 960/266/326
f 908/268/138 929/269/138 909/270/138
f 941/543/22 943/544/22 940/545/22
f 940/274/306 963/498/306 946/276/306
f 943/277/336 950/278/336 951/279/336
f 939/280/337 947/281/337 938/282/337
f 943/283/319 952/284/319 964/546/319
f 954/286/28 955/287/28 953/288/28
f 949/289/318 958/290/318 950/291/318
f 947/292/548 956/293/323 948/294/323
f 946/297/324 954/521/324 953/296/324
f 957/298/337 968/299/337 960/300/337
f 951/301/331 958/302/331 959/303/331
f 949/304/549 965/305/549 957/306/549
f 947/307/332 953/308/332 955/309/332
f 945/310/550 967/311/550 954/312/550
f 960/313/28 958/314/28 957/315/28
f 964/547/329 967/318/329 963/316/329
f 962/319/327 965/320/327 961/321/327
f 967/322/28 965/323/28 966/324/28
f 948/325/551 966/326/551 962/327/551
f 952/328/552 968/329/552 964/330/553
f 956/331/336 967/332/336 966/333/336
f 944/334/321 963/335/321 940/336/321
f 937/337/320 961/338/320 941/339/320
f 970/340/339 980/341/339 994/342/339
f 973/343/344 993/548/344 982/345/344
f 984/348/347 991/499/347 992/347/347
f 973/549/22 975/550/22 972/551/22
f 972/352/338 995/353/338 978/354/338
f 974/355/357 983/356/357 975/357/357
f 971/358/358 979/359/358 970/360/358
f 975/361/341 984/362/341 996/552/341
f 985/364/28 988/365/28 987/366/28
f 981/367/340 990/368/340 982/369/554
f 979/511/345 988/372/345 980/370/345
f 978/373/346 986/374/346 985/375/555
f 989/376/358 1000/377/358 992/378/358
f 983/381/353 990/535/353 991/380/353
f 981/382/556 997/383/556 989/384/556
f 979/385/354 985/386/354 987/387/354
f 977/388/557 999/389/557 986/390/557
f 989/391/28 991/392/28 990/393/28
f 995/394/351 1000/395/351 999/396/351
f 994/500/349 997/399/349 993/397/349
f 998/400/28 1000/401/28 997/402/28
f 980/403/558 998/404/558 994/405/558
f 984/406/559 1000/407/559 996/408/559
f 988/411/357 999/553/357 998/410/357
f 976/412/343 995/413/343 972/414/343
f 969/415/342 993/416/342 973/417/342
f 1002/554/360 1012/555/360 1026/556/360
f 1005/421/365 1025/557/365 1014/423/365
f 1016/424/560 1023/425/368 1024/426/560
f 1005/558/22 1007/559/22 1004/560/22
f 1004/430/359 1027/561/359 1010/432/359
f 1006/433/377 1015/434/377 1007/435/377
f 1002/436/378 1010/437/378 1011/438/378
f 1007/562/362 1016/563/362 1028/564/362
f 1017/442/28 1020/443/28 1019/444/28
f 1014/447/561 1021/501/561 1022/446/561
f 1011/523/366 1020/450/366 1012/448/366
f 1009/537/562 1017/453/562 1010/451/562
f 1021/454/378 1032/455/378 1024/456/378
f 1015/457/373 1022/458/373 1023/459/373
f 1013/460/563 1029/461/563 1021/462/563
f 1011/463/374 1017/464/374 1019/465/374
f 1009/466/564 1031/467/564 1018/468/564
f 1021/469/28 1023/470/28 1022/471/28
f 1028/502/371 1031/474/371 1027/472/371
f 1025/477/369 1030/525/369 1029/476/369
f 1030/478/28 1032/479/28 1029/480/28
f 1012/481/565 1030/482/565 1026/483/565
f 1016/484/566 1032/485/566 1028/486/566
f 1018/487/377 1030/488/377 1020/489/377
f 1008/490/364 1027/491/364 1004/492/364
f 1001/493/363 1025/494/363 1005/495/363
f 1034/166/470 1035/167/470 1033/168/470
f 1036/169/1 1039/170/1 1035/171/1
f 1040/172/469 1037/173/469 1039/174/469
f 1038/175/2 1033/176/2 1037/177/2
f 1039/178/467 1033/179/467 1035/180/467
f 1036/181/468 1038/182/468 1040/183/468
f 1045/184/1 1047/538/1 1041/539/1
f 1056/187/477 1063/188/477 1064/189/477
f 1045/190/388 1065/540/388 1054/192/388
f 1043/193/402 1052/194/402 1066/541/402
f 1041/196/390 1067/197/390 1050/198/390
f 1074/199/473 1084/200/473 1098/542/473
f 1047/202/384 1054/203/384 1055/204/384
f 1077/205/488 1097/206/488 1086/207/488
f 1042/208/386 1051/209/386 1043/210/386
f 1047/211/404 1056/212/404 1068/213/404
f 1058/214/2 1059/215/2 1057/216/2
f 1054/217/471 1061/218/567 1062/219/471
f 1051/496/474 1060/222/474 1052/220/474
f 1050/223/476 1058/224/475 1057/225/476
f 1061/226/386 1072/227/386 1064/228/386
f 1054/229/480 1063/230/480 1055/231/480
f 1053/232/16 1069/233/16 1061/234/16
f 1050/235/481 1059/236/481 1051/237/481
f 1049/238/11 1071/239/11 1058/240/11
f 1061/241/2 1063/242/2 1062/243/2
f 1068/565/568 1071/246/479 1067/244/479
f 1065/247/478 1070/248/478 1069/249/478
f 1071/250/2 1069/251/2 1070/252/2
f 1052/253/400 1070/254/400 1066/255/400
f 1056/256/401 1072/257/401 1068/258/401
f 1058/259/384 1070/260/384 1060/261/384
f 1048/262/385 1067/263/385 1041/264/385
f 1088/267/491 1095/519/491 1096/266/491
f 1044/268/391 1065/269/391 1045/270/391
f 1077/543/1 1079/544/1 1076/545/1
f 1076/274/472 1099/498/472 1082/276/472
f 1079/277/501 1086/278/501 1087/279/501
f 1075/280/502 1083/281/502 1074/282/502
f 1079/283/485 1088/284/485 1100/546/485
f 1090/286/2 1091/287/2 1089/288/2
f 1085/289/484 1094/290/484 1086/291/484
f 1083/292/489 1092/293/489 1084/294/489
f 1081/295/490 1089/296/490 1082/297/490
f 1093/298/502 1104/299/502 1096/300/502
f 1087/301/496 1094/302/496 1095/303/496
f 1085/304/569 1101/305/569 1093/306/569
f 1083/307/497 1089/308/497 1091/309/570
f 1081/310/571 1103/311/571 1090/312/571
f 1096/313/2 1094/314/2 1093/315/2
f 1099/316/494 1104/317/494 1103/318/494
f 1098/319/492 1101/320/492 1097/321/492
f 1103/322/2 1101/323/2 1102/324/2
f 1084/325/572 1102/326/572 1098/327/572
f 1088/328/573 1104/329/574 1100/330/573
f 1092/331/501 1103/332/501 1102/333/501
f 1080/334/487 1099/335/487 1076/336/487
f 1073/337/486 1097/338/486 1077/339/486
f 1106/340/504 1116/341/504 1130/342/575
f 1109/343/509 1129/548/509 1118/345/509
f 1120/348/513 1127/499/513 1128/347/513
f 1109/549/1 1111/550/1 1108/551/1
f 1108/352/503 1131/353/503 1114/354/503
f 1110/355/522 1119/356/522 1111/357/522
f 1107/358/523 1115/359/523 1106/360/523
f 1111/361/506 1120/362/506 1132/552/506
f 1121/364/2 1124/365/2 1123/366/2
f 1117/367/576 1126/368/576 1118/369/576
f 1115/511/510 1124/372/510 1116/370/511
f 1114/373/512 1122/374/512 1121/375/577
f 1125/376/523 1136/377/523 1128/378/523
f 1118/379/518 1127/380/518 1119/381/518
f 1117/382/578 1133/383/578 1125/384/578
f 1115/385/519 1121/386/519 1123/387/519
f 1113/388/579 1135/389/579 1122/390/579
f 1128/566/2 1126/393/2 1125/391/2
f 1131/394/516 1136/395/516 1135/396/516
f 1130/500/514 1133/399/514 1129/397/514
f 1134/400/2 1136/401/2 1133/402/2
f 1116/403/580 1134/404/580 1130/405/580
f 1120/406/581 1136/407/581 1132/408/581
f 1122/409/522 1134/410/522 1124/411/522
f 1112/412/508 1131/413/508 1108/414/508
f 1105/415/507 1129/416/507 1109/417/507
f 1138/554/525 1148/555/525 1162/556/525
f 1141/421/530 1161/557/530 1150/423/530
f 1151/513/536 1160/426/535 1152/424/535
f 1141/558/1 1143/559/1 1140/560/1
f 1140/430/524 1163/561/524 1146/432/524
f 1142/433/545 1151/434/545 1143/435/545
f 1138/436/546 1146/437/546 1147/438/546
f 1143/562/527 1152/563/527 1164/564/527
f 1153/442/2 1156/443/2 1155/444/2
f 1149/445/582 1158/446/582 1150/447/582
f 1148/448/532 1155/449/532 1156/450/532
f 1145/537/533 1153/453/533 1146/451/533
f 1157/454/546 1168/455/546 1160/456/546
f 1151/457/541 1158/458/541 1159/459/541
f 1149/460/583 1165/461/583 1157/462/583
f 1146/531/542 1155/465/542 1147/463/542
f 1145/466/584 1167/467/584 1154/468/584
f 1157/469/2 1159/470/2 1158/471/2
f 1164/502/539 1167/474/539 1163/472/539
f 1161/477/537 1166/525/537 1165/476/537
f 1166/478/2 1168/479/2 1165/480/2
f 1148/481/585 1166/482/585 1162/483/585
f 1152/484/586 1168/485/586 1164/486/586
f 1154/487/545 1166/488/545 1156/489/545
f 1144/490/529 1163/491/529 1140/492/529
f 1137/493/528 1161/494/528 1141/495/528
f 5/1/1 7/567/1 8/2/1
f 1/4/2 3/568/2 4/5/2
f 18/7/3 65/569/3 77/8/4
f 24/10/5 68/570/5 67/11/5
f 10/13/6 49/571/6 73/14/6
f 3/16/7 62/20/7 52/17/8
f 23/19/9 80/572/9 68/20/10
f 21/22/11 23/35/11 24/23/11
f 15/25/12 76/573/12 54/26/12
f 9/28/13 73/574/13 74/29/14
f 5/31/15 63/575/15 64/32/15
f 17/34/16 19/576/16 20/35/16
f 17/36/17 77/577/17 78/37/17
f 2/21/18 51/578/18 61/39/19
f 12/41/20 50/579/20 49/42/21
f 13/44/22 15/568/22 16/4/22
f 8/46/23 56/580/23 55/47/23
f 22/49/24 67/581/24 79/50/25
f 20/52/26 66/582/26 65/53/27
f 9/55/28 11/583/28 12/56/28
f 14/58/29 53/584/29 75/59/29
f 7/61/30 64/585/30 56/62/31
f 19/64/32 78/586/32 66/65/33
f 1/67/34 61/587/34 62/68/34
f 11/70/35 74/588/35 50/71/35
f 13/73/36 75/589/36 76/74/37
f 6/76/38 55/590/38 63/77/39
f 4/79/40 52/591/40 51/80/40
f 21/82/41 79/592/41 80/83/41
f 16/85/42 54/593/42 53/86/43
f 47/88/1 32/135/1 36/89/1
f 36/91/11 32/594/11 31/92/11
f 40/94/22 41/106/22 72/95/22
f 48/97/2 34/155/2 39/98/2
f 37/100/28 38/164/28 71/101/28
f 42/103/16 43/155/16 69/104/16
f 43/106/28 46/109/28 73/107/28
f 46/109/28 37/100/28 74/102/28
f 30/110/2 44/113/2 61/111/2
f 44/113/2 48/97/2 62/99/2
f 32/114/22 47/117/22 75/115/22
f 47/117/22 40/94/22 76/96/22
f 41/118/1 40/121/1 63/119/1
f 40/121/1 47/88/1 64/90/1
f 55/122/1 56/141/1 37/123/1
f 42/125/1 55/122/1 46/124/1
f 60/120/1 63/119/1 55/122/1
f 51/127/2 52/134/2 25/128/2
f 27/129/2 51/127/2 45/121/2
f 57/112/2 61/111/2 51/127/2
f 41/130/16 60/133/16 77/131/16
f 60/133/16 42/103/16 78/105/16
f 52/134/2 59/136/2 26/135/2
f 62/99/2 39/98/2 59/136/2
f 38/137/11 58/140/11 79/138/11
f 58/140/11 36/91/11 80/93/11
f 56/141/1 58/143/1 38/142/1
f 64/90/1 36/89/1 58/143/1
f 67/144/11 68/163/11 59/100/11
f 33/146/11 67/144/11 39/145/11
f 71/139/11 79/138/11 67/144/11
f 65/147/16 66/159/16 57/148/16
f 35/150/16 65/147/16 27/149/16
f 72/132/16 77/131/16 65/147/16
f 53/152/22 54/162/22 45/136/22
f 70/154/22 53/152/22 25/153/22
f 31/116/22 75/115/22 53/152/22
f 49/156/28 50/160/28 48/143/28
f 29/158/28 49/156/28 44/157/28
f 69/108/28 73/107/28 49/156/28
f 66/159/16 29/113/16 30/110/16
f 78/105/16 69/104/16 29/113/16
f 50/160/28 33/161/28 34/142/28
f 74/102/28 71/101/28 33/161/28
f 54/162/22 35/158/22 28/135/22
f 76/96/22 72/95/22 35/158/22
f 68/163/11 70/165/11 26/164/11
f 80/93/11 31/92/11 70/165/11
f 82/166/44 84/595/44 83/167/44
f 84/169/16 88/527/16 87/170/16
f 88/172/45 86/503/45 85/173/45
f 86/175/11 82/596/11 81/176/11
f 87/178/46 85/597/46 81/179/46
f 84/181/47 82/598/47 86/182/47
f 89/186/16 90/599/16 91/600/16
f 91/600/16 92/601/16 93/184/16
f 93/184/16 94/602/16 95/185/16
f 95/185/16 96/603/16 89/186/16
f 89/186/16 91/600/16 93/184/16
f 104/187/48 103/517/48 111/188/48
f 102/192/49 94/604/49 93/190/49
f 113/191/49 101/528/49 102/192/49
f 114/195/50 92/605/50 91/193/50
f 91/193/50 99/606/50 100/194/50
f 98/198/51 90/607/51 89/196/51
f 115/197/51 97/608/51 98/198/51
f 146/201/52 121/609/52 122/199/52
f 122/199/52 131/610/52 132/200/52
f 95/202/53 94/529/53 102/203/53
f 134/207/54 126/611/54 125/205/54
f 145/206/54 133/532/54 134/207/54
f 90/208/55 98/504/55 99/209/55
f 116/213/56 96/612/56 95/211/56
f 95/211/56 103/613/56 104/212/56
f 106/214/11 108/614/11 107/215/11
f 102/217/57 101/615/57 109/218/57
f 100/220/58 99/496/58 107/221/58
f 98/223/60 97/505/60 106/224/60
f 109/226/55 117/616/55 120/227/55
f 102/229/61 110/497/61 111/230/61
f 101/232/22 113/617/22 117/233/22
f 98/235/62 105/506/62 107/236/62
f 97/238/28 115/618/28 119/239/28
f 109/241/11 112/619/11 111/242/11
f 115/244/63 116/565/63 120/245/63
f 113/247/64 114/620/64 118/248/64
f 119/250/11 120/621/11 117/251/11
f 100/253/65 108/622/65 118/254/65
f 104/256/66 112/623/66 120/257/66
f 106/259/53 119/518/53 118/260/53
f 96/262/67 116/507/67 115/263/67
f 135/265/68 143/519/68 144/266/68
f 92/268/69 114/520/69 113/269/69
f 124/273/16 123/624/16 122/625/16
f 122/625/16 121/626/16 125/271/16
f 125/271/16 126/627/16 127/272/16
f 127/272/16 128/628/16 124/273/16
f 124/273/16 122/625/16 125/271/16
f 130/276/70 123/629/70 124/274/70
f 124/274/70 147/498/1 129/275/70
f 127/277/71 126/508/71 134/278/71
f 123/280/72 130/509/72 131/281/72
f 148/285/73 128/630/73 127/283/73
f 127/283/73 135/631/73 136/284/73
f 138/286/11 140/632/11 139/287/11
f 133/289/74 141/533/74 142/290/74
f 131/292/75 139/633/75 140/293/75
f 129/295/76 138/521/76 137/296/76
f 141/298/72 149/634/72 152/299/72
f 135/301/77 134/635/77 142/302/77
f 133/304/79 145/636/79 149/305/79
f 131/307/80 130/637/80 137/308/80
f 129/310/81 147/638/81 151/311/81
f 144/313/11 143/639/11 142/314/11
f 147/316/82 148/547/82 152/317/82
f 146/319/83 150/640/83 149/320/83
f 151/322/11 152/641/11 149/323/11
f 132/325/84 140/642/84 150/326/84
f 136/328/85 144/643/85 152/329/85
f 140/331/71 138/644/71 151/332/71
f 128/334/86 148/645/86 147/335/86
f 121/337/87 146/646/87 145/338/87
f 178/342/89 153/647/88 154/340/88
f 154/340/88 163/648/88 164/341/88
f 166/345/90 158/649/90 157/343/90
f 177/344/90 165/534/90 166/345/90
f 167/346/91 175/499/587 176/347/91
f 156/351/16 155/551/16 154/650/16
f 154/650/16 153/651/16 157/349/16
f 157/349/16 158/549/16 159/350/16
f 159/350/16 160/550/16 156/351/16
f 156/351/16 154/650/16 157/349/16
f 162/354/92 155/652/92 156/352/92
f 179/353/92 161/653/92 162/354/92
f 158/355/93 166/654/93 167/356/93
f 155/358/94 162/510/94 163/359/94
f 180/363/95 160/655/95 159/361/95
f 159/361/95 167/656/95 168/362/95
f 169/364/11 170/657/11 172/365/11
f 165/367/96 173/522/96 174/368/96
f 164/370/98 163/511/98 171/371/98
f 162/373/99 161/658/99 170/374/99
f 173/376/94 181/659/94 184/377/94
f 166/379/101 174/535/101 175/380/101
f 165/382/102 177/660/102 181/383/102
f 163/385/103 162/661/103 169/386/103
f 161/388/104 179/662/104 183/389/104
f 173/391/11 176/566/11 175/392/11
f 179/394/105 180/536/105 184/395/105
f 177/397/106 178/500/106 182/398/106
f 182/400/11 183/663/11 184/401/11
f 164/403/107 172/664/107 182/404/107
f 168/406/108 176/665/108 184/407/108
f 170/409/93 183/553/93 182/410/93
f 160/412/109 180/666/109 179/413/109
f 153/415/110 178/512/110 177/416/110
f 210/420/111 185/667/111 186/418/111
f 186/418/111 195/668/111 196/419/111
f 198/423/112 190/669/112 189/421/112
f 209/422/112 197/670/112 198/423/112
f 200/424/113 199/513/588 207/425/113
f 188/429/16 187/671/16 186/672/16
f 186/672/16 185/673/16 189/427/16
f 189/427/16 190/674/16 191/428/16
f 191/428/16 192/558/16 188/429/16
f 188/429/16 186/672/16 189/427/16
f 194/432/114 187/675/114 188/430/114
f 211/431/114 193/514/114 194/432/114
f 190/433/115 198/530/115 199/434/115
f 186/436/116 187/515/116 194/437/116
f 212/441/117 192/676/117 191/439/117
f 191/439/117 199/677/117 200/440/117
f 201/442/11 202/678/11 204/443/11
f 197/445/118 205/501/118 206/446/118
f 196/448/120 195/523/120 203/449/120
f 194/451/121 193/537/121 202/452/121
f 205/454/116 213/524/116 216/455/116
f 199/457/122 198/679/122 206/458/122
f 197/460/123 209/680/123 213/461/123
f 195/463/124 194/531/124 201/464/124
f 193/466/125 211/681/125 215/467/125
f 205/469/11 208/682/11 207/470/11
f 211/472/126 212/502/126 216/473/126
f 210/475/127 214/525/127 213/476/127
f 214/478/11 215/683/11 216/479/11
f 196/481/128 204/684/128 214/482/128
f 200/484/129 208/685/129 216/485/129
f 202/487/115 215/686/115 214/488/115
f 192/490/130 212/526/130 211/491/130
f 185/493/131 210/516/131 209/494/131
f 218/166/132 220/595/132 219/167/132
f 220/169/28 224/527/28 223/170/28
f 224/172/133 222/503/133 221/173/133
f 222/175/22 218/596/22 217/176/22
f 223/178/134 221/597/134 217/179/134
f 220/181/135 218/598/135 222/182/135
f 225/186/28 226/599/28 227/600/28
f 227/600/28 228/601/28 229/184/28
f 229/184/28 230/602/28 231/185/28
f 231/185/28 232/603/28 225/186/28
f 225/186/28 227/600/28 229/184/28
f 240/187/136 239/517/136 247/188/136
f 238/192/137 230/604/137 229/190/137
f 249/191/137 237/528/137 238/192/137
f 250/195/138 228/605/138 227/193/138
f 227/193/138 235/606/138 236/194/138
f 234/198/139 226/607/139 225/196/139
f 251/197/139 233/608/139 234/198/139
f 282/201/140 257/609/140 258/199/140
f 258/199/140 267/610/140 268/200/140
f 231/202/141 230/529/141 238/203/141
f 270/207/142 262/611/142 261/205/142
f 281/206/142 269/532/142 270/207/142
f 226/208/143 234/504/143 235/209/143
f 252/213/144 232/612/144 231/211/144
f 231/211/144 239/613/144 240/212/144
f 242/214/22 244/614/22 243/215/22
f 238/217/145 237/615/145 245/218/145
f 235/496/146 243/221/146 244/222/147
f 234/223/148 233/505/148 242/224/148
f 245/226/143 253/616/143 256/227/143
f 239/231/150 238/229/151 246/497/151
f 237/232/16 249/617/16 253/233/16
f 234/235/152 241/506/152 243/236/152
f 233/238/11 251/618/11 255/239/11
f 245/241/22 248/619/22 247/242/22
f 251/244/153 252/565/153 256/245/153
f 249/247/154 250/620/154 254/248/154
f 255/250/22 256/621/22 253/251/22
f 236/253/155 244/622/155 254/254/155
f 240/256/156 248/623/156 256/257/156
f 242/259/141 255/518/141 254/260/141
f 232/262/157 252/507/157 251/263/157
f 271/265/158 279/519/158 280/266/158
f 228/268/159 250/520/159 249/269/159
f 260/273/28 259/624/28 258/625/28
f 258/625/28 257/626/28 261/271/28
f 261/271/28 262/627/28 263/272/28
f 263/272/28 264/628/28 260/273/28
f 260/273/28 258/625/28 261/271/28
f 266/276/160 259/629/160 260/274/160
f 283/498/160 265/275/160 266/276/160
f 263/277/161 262/508/161 270/278/161
f 259/280/162 266/509/162 267/281/162
f 284/285/163 264/630/163 263/283/163
f 263/283/163 271/631/163 272/284/163
f 274/286/22 276/632/22 275/287/22
f 269/289/164 277/533/164 278/290/164
f 267/292/165 275/633/165 276/293/165
f 265/295/166 274/521/166 273/296/166
f 277/298/162 285/634/162 288/299/162
f 271/301/167 270/635/167 278/302/167
f 269/304/168 281/636/168 285/305/168
f 267/307/169 266/637/169 273/308/169
f 265/310/170 283/638/170 287/311/170
f 280/313/22 279/639/22 278/314/22
f 283/316/171 284/547/171 288/317/171
f 282/319/172 286/640/172 285/320/172
f 287/322/22 288/641/22 285/323/22
f 268/325/173 276/642/173 286/326/173
f 272/328/174 280/643/175 288/329/175
f 276/331/161 274/644/161 287/332/161
f 264/334/176 284/645/176 283/335/176
f 257/337/177 282/646/177 281/338/177
f 314/342/178 289/647/178 290/340/178
f 290/340/178 299/648/178 300/341/178
f 302/345/179 294/649/179 293/343/179
f 313/344/179 301/534/179 302/345/179
f 304/348/180 303/346/180 311/499/180
f 292/351/28 291/551/28 290/650/28
f 290/650/28 289/651/28 293/349/28
f 293/349/28 294/549/28 295/350/28
f 295/350/28 296/550/28 292/351/28
f 292/351/28 290/650/28 293/349/28
f 298/354/181 291/652/181 292/352/181
f 315/353/181 297/653/181 298/354/181
f 294/355/182 302/654/182 303/356/182
f 291/358/183 298/510/183 299/359/183
f 316/363/184 296/655/184 295/361/184
f 295/361/184 303/656/184 304/362/184
f 305/364/22 306/657/22 308/365/22
f 301/367/185 309/522/185 310/368/185
f 300/370/187 299/511/187 307/371/187
f 298/373/188 297/658/188 306/374/188
f 309/376/183 317/659/183 320/377/183
f 302/379/190 310/535/190 311/380/190
f 301/382/191 313/660/191 317/383/191
f 299/385/192 298/661/192 305/386/192
f 297/388/193 315/662/193 319/389/193
f 309/391/22 312/566/22 311/392/22
f 315/394/194 316/536/194 320/395/194
f 314/500/195 318/398/195 317/399/195
f 318/400/22 319/663/22 320/401/22
f 300/403/196 308/664/196 318/404/196
f 304/406/197 312/665/197 320/407/197
f 306/409/182 319/553/182 318/410/182
f 296/412/198 316/666/198 315/413/198
f 289/415/199 314/512/199 313/416/199
f 346/420/200 321/667/200 322/418/200
f 322/418/200 331/668/200 332/419/200
f 334/423/201 326/669/201 325/421/201
f 345/422/201 333/670/201 334/423/201
f 336/424/202 335/513/202 343/425/202
f 324/429/28 323/671/28 322/672/28
f 322/672/28 321/673/28 325/427/28
f 325/427/28 326/674/28 327/428/28
f 327/428/28 328/558/28 324/429/28
f 324/429/28 322/672/28 325/427/28
f 330/432/203 323/675/203 324/430/203
f 347/431/203 329/514/203 330/432/203
f 326/433/204 334/530/204 335/434/204
f 322/436/205 323/515/205 330/437/205
f 348/441/206 328/676/206 327/439/206
f 327/439/206 335/677/206 336/440/206
f 337/442/22 338/678/22 340/443/22
f 334/447/207 333/445/208 341/501/208
f 332/448/209 331/523/589 339/449/209
f 330/451/210 329/537/210 338/452/210
f 341/454/205 349/524/205 352/455/205
f 335/457/211 334/679/211 342/458/211
f 333/460/212 345/680/212 349/461/212
f 331/463/213 330/531/213 337/464/213
f 329/466/214 347/681/214 351/467/214
f 341/469/22 344/682/22 343/470/22
f 348/502/215 352/473/215 351/474/215
f 346/475/216 350/525/216 349/476/216
f 350/478/22 351/683/22 352/479/22
f 332/481/217 340/684/217 350/482/217
f 336/484/218 344/685/218 352/485/218
f 338/487/204 351/686/204 350/488/204
f 328/490/219 348/526/219 347/491/219
f 321/493/220 346/516/220 345/494/220
f 354/166/221 356/595/221 355/167/221
f 356/169/11 360/527/11 359/170/11
f 359/174/222 360/172/222 358/503/222
f 358/175/16 354/596/16 353/176/16
f 359/178/223 357/597/223 353/179/223
f 356/181/224 354/598/224 358/182/224
f 361/186/11 362/599/11 363/600/11
f 363/600/11 364/601/11 365/184/11
f 365/184/11 366/602/11 367/185/11
f 367/185/11 368/603/11 361/186/11
f 361/186/11 363/600/11 365/184/11
f 376/187/225 375/517/225 383/188/225
f 374/192/69 366/604/69 365/190/69
f 385/191/69 373/528/69 374/192/69
f 386/195/53 364/605/53 363/193/53
f 363/193/53 371/606/53 372/194/53
f 370/198/67 362/607/67 361/196/67
f 387/197/67 369/608/67 370/198/67
f 418/201/226 393/609/226 394/199/226
f 394/199/226 403/610/226 404/200/226
f 367/202/50 366/529/50 374/203/50
f 406/207/227 398/611/227 397/205/227
f 417/206/227 405/532/227 406/207/227
f 363/210/56 362/208/56 370/504/56
f 388/213/55 368/612/55 367/211/55
f 367/211/55 375/613/55 376/212/55
f 378/214/16 380/614/16 379/215/16
f 374/217/228 373/615/228 381/218/228
f 371/496/229 379/221/229 380/222/229
f 369/505/230 378/224/230 377/225/231
f 381/226/56 389/616/56 392/227/56
f 374/229/232 382/497/232 383/230/232
f 373/232/28 385/617/28 389/233/28
f 371/237/233 370/235/233 377/506/233
f 369/238/22 387/618/22 391/239/22
f 381/241/16 384/619/16 383/242/16
f 387/244/234 388/565/234 392/245/234
f 385/247/235 386/620/235 390/248/235
f 391/250/16 392/621/16 389/251/16
f 372/253/236 380/622/236 390/254/236
f 376/256/237 384/623/237 392/257/237
f 378/259/50 391/518/50 390/260/50
f 361/264/51 368/262/51 388/507/51
f 407/265/238 415/519/238 416/266/238
f 364/268/49 386/520/49 385/269/49
f 396/273/11 395/624/11 394/625/11
f 394/625/11 393/626/11 397/271/11
f 397/271/11 398/627/11 399/272/11
f 399/272/11 400/628/11 396/273/11
f 396/273/11 394/625/11 397/271/11
f 402/276/239 395/629/239 396/274/239
f 419/498/239 401/275/239 402/276/239
f 398/508/240 406/278/240 407/279/240
f 394/282/241 395/280/241 402/509/241
f 420/285/242 400/630/242 399/283/242
f 399/283/242 407/631/242 408/284/242
f 410/286/16 412/632/16 411/287/16
f 405/289/243 413/533/243 414/290/243
f 403/292/244 411/633/244 412/293/244
f 401/295/245 410/521/245 409/296/245
f 413/298/241 421/634/241 424/299/241
f 407/301/246 406/635/246 414/302/246
f 405/304/247 417/636/247 421/305/247
f 403/307/248 402/637/248 409/308/248
f 401/310/249 419/638/249 423/311/249
f 416/313/16 415/639/16 414/314/16
f 419/316/250 420/547/250 424/317/250
f 418/319/251 422/640/251 421/320/251
f 423/322/16 424/641/16 421/323/16
f 404/325/252 412/642/252 422/326/252
f 408/328/253 416/643/253 424/329/253
f 412/331/240 410/644/240 423/332/240
f 400/334/254 420/645/254 419/335/254
f 393/337/255 418/646/255 417/338/255
f 450/342/257 425/647/256 426/340/256
f 426/340/256 435/648/256 436/341/256
f 438/345/258 430/649/258 429/343/258
f 449/344/258 437/534/258 438/345/258
f 440/348/259 439/346/259 447/499/259
f 428/351/11 427/551/11 426/650/11
f 426/650/11 425/651/11 429/349/11
f 429/349/11 430/549/11 431/350/11
f 431/350/11 432/550/11 428/351/11
f 428/351/11 426/650/11 429/349/11
f 434/354/260 427/652/260 428/352/260
f 451/353/260 433/653/260 434/354/260
f 430/355/261 438/654/261 439/356/261
f 426/360/262 427/358/262 434/510/262
f 452/363/263 432/655/263 431/361/263
f 431/361/263 439/656/263 440/362/263
f 441/364/16 442/657/16 444/365/16
f 437/367/264 445/522/264 446/368/264
f 435/511/266 443/371/266 444/372/267
f 434/373/268 433/658/269 442/374/269
f 445/376/262 453/659/262 456/377/262
f 438/379/270 446/535/270 447/380/270
f 437/382/271 449/660/271 453/383/271
f 435/385/272 434/661/272 441/386/272
f 433/388/273 451/662/273 455/389/273
f 445/391/16 448/566/16 447/392/16
f 451/394/274 452/536/274 456/395/274
f 449/397/275 450/500/275 454/398/275
f 454/400/16 455/663/16 456/401/16
f 436/403/276 444/664/276 454/404/276
f 440/406/277 448/665/277 456/407/277
f 442/409/261 455/553/261 454/410/261
f 432/412/278 452/666/278 451/413/278
f 429/417/279 425/415/279 450/512/279
f 482/420/280 457/667/280 458/418/280
f 458/418/280 467/668/280 468/419/280
f 470/423/281 462/669/281 461/421/281
f 481/422/281 469/670/281 470/423/281
f 471/513/282 479/425/282 480/426/283
f 460/429/11 459/671/11 458/672/11
f 458/672/11 457/673/11 461/427/11
f 461/427/11 462/674/11 463/428/11
f 463/428/11 464/558/11 460/429/11
f 460/429/11 458/672/11 461/427/11
f 466/432/284 459/675/284 460/430/284
f 460/430/284 483/431/1 465/514/284
f 462/433/285 470/530/285 471/434/285
f 459/515/286 466/437/286 467/438/286
f 484/441/287 464/676/287 463/439/287
f 463/439/287 471/677/287 472/440/287
f 473/442/16 474/678/16 476/443/16
f 469/445/288 477/501/288 478/446/288
f 468/448/289 467/523/289 475/449/289
f 466/451/290 465/537/590 474/452/290
f 477/454/286 485/524/286 488/455/286
f 471/457/291 470/679/291 478/458/291
f 469/460/292 481/680/292 485/461/292
f 467/463/293 466/531/293 473/464/293
f 465/466/294 483/681/294 487/467/294
f 477/469/16 480/682/16 479/470/16
f 484/502/295 488/473/295 487/474/295
f 482/475/296 486/525/296 485/476/296
f 486/478/16 487/683/16 488/479/16
f 468/481/297 476/684/297 486/482/297
f 472/484/298 480/685/298 488/485/298
f 474/487/285 487/686/285 486/488/285
f 464/490/299 484/526/299 483/491/299
f 461/495/300 457/493/300 482/516/300
f 490/166/301 492/595/301 491/167/301
f 492/169/22 496/527/22 495/170/22
f 496/172/302 494/503/302 493/173/302
f 494/175/28 490/596/28 489/176/28
f 495/178/303 493/597/303 489/179/303
f 492/181/304 490/598/304 494/182/304
f 497/186/22 498/599/22 499/600/22
f 499/600/22 500/601/22 501/184/22
f 501/184/22 502/602/22 503/185/22
f 503/185/22 504/603/22 497/186/22
f 497/186/22 499/600/22 501/184/22
f 511/517/305 519/188/305 520/189/305
f 510/192/159 502/604/159 501/190/159
f 521/191/159 509/528/159 510/192/159
f 522/195/141 500/605/141 499/193/141
f 499/193/141 507/606/141 508/194/141
f 506/198/157 498/607/157 497/196/157
f 523/197/157 505/608/157 506/198/157
f 554/201/306 529/609/306 530/199/306
f 530/199/306 539/610/306 540/200/306
f 503/202/138 502/529/138 510/203/138
f 542/207/307 534/611/307 533/205/307
f 553/206/307 541/532/307 542/207/307
f 498/208/144 506/504/144 507/209/144
f 524/213/143 504/612/143 503/211/143
f 503/211/143 511/613/143 512/212/143
f 514/214/28 516/614/28 515/215/28
f 510/217/308 509/615/308 517/218/308
f 507/496/309 515/221/309 516/222/310
f 506/223/311 505/505/311 514/224/311
f 517/226/144 525/616/144 528/227/144
f 511/231/312 510/229/312 518/497/312
f 509/232/11 521/617/11 525/233/11
f 506/235/313 513/506/313 515/236/313
f 505/238/16 523/618/16 527/239/16
f 517/241/28 520/619/28 519/242/28
f 523/244/314 524/565/314 528/245/314
f 521/247/315 522/620/315 526/248/315
f 527/250/28 528/621/28 525/251/28
f 508/253/316 516/622/316 526/254/316
f 512/256/317 520/623/317 528/257/317
f 516/261/138 514/259/138 527/518/138
f 504/262/139 524/507/139 523/263/139
f 544/267/318 543/265/318 551/519/318
f 501/270/137 500/268/137 522/520/137
f 532/273/22 531/624/22 530/625/22
f 530/625/22 529/626/22 533/271/22
f 533/271/22 534/627/22 535/272/22
f 535/272/22 536/628/22 532/273/22
f 532/273/22 530/625/22 533/271/22
f 538/276/319 531/629/319 532/274/319
f 555/498/319 537/275/319 538/276/319
f 535/277/320 534/508/320 542/278/320
f 531/280/321 538/509/321 539/281/321
f 556/285/322 536/630/322 535/283/322
f 535/283/322 543/631/322 544/284/322
f 546/286/28 548/632/28 547/287/28
f 541/289/323 549/533/323 550/290/323
f 539/292/324 547/633/324 548/293/325
f 538/297/326 537/295/326 546/521/326
f 549/298/321 557/634/321 560/299/321
f 543/301/327 542/635/327 550/302/327
f 541/304/328 553/636/328 557/305/328
f 539/307/329 538/637/329 545/308/329
f 537/310/330 555/638/330 559/311/330
f 552/313/28 551/639/28 550/314/28
f 555/316/331 556/547/331 560/317/331
f 554/319/332 558/640/332 557/320/332
f 559/322/28 560/641/28 557/323/28
f 540/325/333 548/642/591 558/326/333
f 544/328/334 552/643/335 560/329/335
f 548/331/320 546/644/320 559/332/320
f 536/334/336 556/645/336 555/335/336
f 529/337/337 554/646/337 553/338/337
f 586/342/338 561/647/338 562/340/338
f 562/340/338 571/648/338 572/341/338
f 574/345/339 566/649/339 565/343/339
f 585/344/339 573/534/339 574/345/339
f 576/348/340 575/346/554 583/499/340
f 564/351/22 563/551/22 562/650/22
f 562/650/22 561/651/22 565/349/22
f 565/349/22 566/549/22 567/350/22
f 567/350/22 568/550/22 564/351/22
f 564/351/22 562/650/22 565/349/22
f 570/354/341 563/652/341 564/352/341
f 587/353/341 569/653/341 570/354/341
f 566/355/342 574/654/342 575/356/342
f 563/358/343 570/510/343 571/359/343
f 588/363/344 568/655/344 567/361/344
f 567/361/344 575/656/344 576/362/344
f 577/364/28 578/657/28 580/365/28
f 574/369/345 573/367/592 581/522/345
f 572/370/346 571/511/593 579/371/346
f 570/373/347 569/658/347 578/374/347
f 581/376/343 589/659/343 592/377/343
f 574/379/349 582/535/349 583/380/349
f 573/382/350 585/660/350 589/383/350
f 571/385/351 570/661/351 577/386/351
f 569/388/352 587/662/352 591/389/352
f 581/391/28 584/566/28 583/392/28
f 587/394/353 588/536/353 592/395/353
f 586/500/354 590/398/354 589/399/354
f 590/400/28 591/663/28 592/401/28
f 572/403/355 580/664/355 590/404/355
f 576/406/356 584/665/356 592/407/356
f 578/409/342 591/553/342 590/410/342
f 568/412/357 588/666/357 587/413/357
f 561/415/358 586/512/358 585/416/358
f 618/420/359 593/667/359 594/418/359
f 594/418/359 603/668/359 604/419/359
f 606/423/360 598/669/360 597/421/360
f 617/422/360 605/670/360 606/423/360
f 608/424/361 607/513/361 615/425/361
f 596/429/22 595/671/22 594/672/22
f 594/672/22 593/673/22 597/427/22
f 597/427/22 598/674/22 599/428/22
f 599/428/22 600/558/22 596/429/22
f 596/429/22 594/672/22 597/427/22
f 602/432/362 595/675/362 596/430/362
f 619/431/362 601/514/362 602/432/362
f 598/433/363 606/530/363 607/434/363
f 594/436/364 595/515/364 602/437/364
f 620/441/365 600/676/365 599/439/365
f 599/439/365 607/677/365 608/440/365
f 609/442/28 610/678/28 612/443/28
f 605/445/366 613/501/366 614/446/366
f 603/523/367 611/449/367 612/450/367
f 602/451/368 601/537/368 610/452/368
f 616/456/364 613/454/364 621/524/364
f 607/457/369 606/679/369 614/458/369
f 605/460/370 617/680/370 621/461/370
f 603/463/371 602/531/371 609/464/371
f 601/466/372 619/681/372 623/467/372
f 613/469/28 616/682/28 615/470/28
f 619/472/373 620/502/373 624/473/373
f 617/477/374 618/475/374 622/525/374
f 622/478/28 623/683/28 624/479/28
f 604/481/375 612/684/375 622/482/375
f 608/484/376 616/685/376 624/485/376
f 610/487/363 623/686/363 622/488/363
f 596/492/377 600/490/377 620/526/377
f 593/493/378 618/516/378 617/494/378
f 626/166/379 628/595/379 627/167/379
f 627/171/2 628/169/2 632/527/2
f 631/174/380 632/172/380 630/503/380
f 630/175/1 626/596/1 625/176/1
f 631/178/381 629/597/381 625/179/381
f 628/181/382 626/598/382 630/182/382
f 633/186/2 634/599/2 635/600/2
f 635/600/2 636/601/2 637/184/2
f 637/184/2 638/602/2 639/185/2
f 639/185/2 640/603/2 633/186/2
f 633/186/2 635/600/2 637/184/2
f 648/187/383 647/517/383 655/188/383
f 646/192/384 638/604/384 637/190/384
f 637/190/384 657/191/11 645/528/384
f 658/195/385 636/605/385 635/193/385
f 635/193/385 643/606/385 644/194/385
f 642/198/386 634/607/386 633/196/386
f 659/197/386 641/608/386 642/198/386
f 690/201/387 665/609/387 666/199/387
f 666/199/387 675/610/387 676/200/387
f 638/529/388 646/203/388 647/204/388
f 678/207/389 670/611/389 669/205/389
f 689/206/389 677/532/389 678/207/389
f 635/210/390 634/208/390 642/504/390
f 660/213/391 640/612/391 639/211/391
f 639/211/391 647/613/391 648/212/391
f 650/214/1 652/614/1 651/215/1
f 646/217/392 645/615/392 653/218/392
f 643/496/393 651/221/393 652/222/394
f 642/223/395 641/505/395 650/224/395
f 653/226/390 661/616/390 664/227/390
f 646/229/396 654/497/396 655/230/396
f 645/232/28 657/617/28 661/233/28
f 642/235/397 649/506/397 651/236/397
f 641/238/22 659/618/22 663/239/22
f 653/241/1 656/619/1 655/242/1
f 659/244/398 660/565/398 664/245/398
f 657/247/399 658/620/399 662/248/399
f 663/250/1 664/621/1 661/251/1
f 644/253/400 652/622/400 662/254/400
f 648/256/401 656/623/401 664/257/401
f 650/259/388 663/518/388 662/260/388
f 633/264/402 640/262/402 660/507/402
f 679/265/403 687/519/403 688/266/403
f 636/268/404 658/520/404 657/269/404
f 668/273/2 667/624/2 666/625/2
f 666/625/2 665/626/2 669/271/2
f 669/271/2 670/627/2 671/272/2
f 671/272/2 672/628/2 668/273/2
f 668/273/2 666/625/2 669/271/2
f 674/276/405 667/629/405 668/274/405
f 691/498/405 673/275/405 674/276/405
f 671/277/406 670/508/406 678/278/406
f 666/282/407 667/280/407 674/509/407
f 692/285/408 672/630/408 671/283/408
f 671/283/408 679/631/408 680/284/408
f 682/286/1 684/632/1 683/287/1
f 677/289/409 685/533/409 686/290/409
f 675/292/410 683/633/410 684/293/410
f 674/297/411 673/295/411 682/521/411
f 685/298/407 693/634/407 696/299/407
f 679/301/412 678/635/412 686/302/412
f 677/304/413 689/636/413 693/305/413
f 675/307/414 674/637/414 681/308/414
f 673/310/415 691/638/415 695/311/415
f 688/313/1 687/639/1 686/314/1
f 691/316/416 692/547/416 696/317/416
f 690/319/417 694/640/417 693/320/417
f 695/322/1 696/641/1 693/323/1
f 676/325/418 684/642/418 694/326/418
f 680/328/419 688/643/420 696/329/420
f 684/331/406 682/644/406 695/332/406
f 672/334/421 692/645/421 691/335/421
f 665/337/422 690/646/422 689/338/422
f 722/342/423 697/647/423 698/340/423
f 698/340/423 707/648/423 708/341/423
f 710/345/424 702/649/424 701/343/424
f 721/344/424 709/534/424 710/345/424
f 712/348/425 711/346/425 719/499/425
f 700/351/2 699/551/2 698/650/2
f 698/650/2 697/651/2 701/349/2
f 701/349/2 702/549/2 703/350/2
f 703/350/2 704/550/2 700/351/2
f 700/351/2 698/650/2 701/349/2
f 706/354/426 699/652/426 700/352/426
f 723/353/426 705/653/426 706/354/426
f 702/355/427 710/654/427 711/356/427
f 698/360/428 699/358/428 706/510/428
f 724/363/429 704/655/429 703/361/429
f 703/361/429 711/656/429 712/362/429
f 713/364/1 714/657/1 716/365/1
f 709/367/430 717/522/594 718/368/430
f 707/511/431 715/371/431 716/372/431
f 706/373/432 705/658/432 714/374/432
f 717/376/428 725/659/428 728/377/428
f 710/379/434 718/535/434 719/380/434
f 709/382/435 721/660/435 725/383/435
f 707/385/436 706/661/436 713/386/436
f 705/388/437 723/662/437 727/389/437
f 717/391/1 720/566/1 719/392/1
f 723/394/438 724/536/438 728/395/438
f 722/500/439 726/398/439 725/399/439
f 726/400/1 727/663/1 728/401/1
f 708/403/440 716/664/440 726/404/440
f 712/406/441 720/665/441 728/407/441
f 714/409/427 727/553/427 726/410/427
f 704/412/442 724/666/442 723/413/442
f 701/417/443 697/415/443 722/512/443
f 754/420/444 729/667/444 730/418/444
f 730/418/444 739/668/444 740/419/444
f 742/423/445 734/669/445 733/421/445
f 753/422/445 741/670/445 742/423/445
f 743/513/446 751/425/446 752/426/447
f 732/429/2 731/671/2 730/672/2
f 730/672/2 729/673/2 733/427/2
f 733/427/2 734/674/2 735/428/2
f 735/428/2 736/558/2 732/429/2
f 732/429/2 730/672/2 733/427/2
f 738/432/448 731/675/448 732/430/448
f 755/431/448 737/514/448 738/432/448
f 735/435/449 734/433/449 742/530/449
f 730/436/450 731/515/450 738/437/450
f 756/441/451 736/676/451 735/439/451
f 735/439/451 743/677/451 744/440/451
f 745/442/1 746/678/1 748/443/1
f 741/445/452 749/501/452 750/446/453
f 740/448/454 739/523/455 747/449/455
f 738/451/456 737/537/456 746/452/456
f 749/454/450 757/524/450 760/455/450
f 743/457/457 742/679/457 750/458/457
f 741/460/458 753/680/458 757/461/458
f 738/531/459 745/464/459 747/465/459
f 737/466/460 755/681/460 759/467/460
f 749/469/1 752/682/1 751/470/1
f 756/502/461 760/473/461 759/474/461
f 754/475/462 758/525/462 757/476/462
f 758/478/1 759/683/1 760/479/1
f 740/481/463 748/684/463 758/482/463
f 744/484/464 752/685/464 760/485/464
f 746/487/449 759/686/449 758/488/449
f 736/490/465 756/526/465 755/491/465
f 733/495/466 729/493/466 754/516/466
f 762/166/467 764/595/467 763/167/467
f 764/169/1 768/527/1 767/170/1
f 768/172/468 766/503/468 765/173/468
f 766/175/2 762/596/2 761/176/2
f 767/178/469 765/597/469 761/179/469
f 764/181/470 762/598/470 766/182/470
f 769/186/1 770/599/1 771/600/1
f 771/600/1 772/601/1 773/184/1
f 773/184/1 774/602/1 775/185/1
f 775/185/1 776/603/1 769/186/1
f 769/186/1 771/600/1 773/184/1
f 784/187/471 783/517/471 791/188/471
f 782/192/402 774/604/402 773/190/402
f 793/191/402 781/528/402 782/192/402
f 794/195/390 772/605/390 771/193/390
f 771/193/390 779/606/390 780/194/390
f 778/198/404 770/607/404 769/196/404
f 795/197/404 777/608/404 778/198/404
f 826/201/472 801/609/472 802/199/472
f 802/199/472 811/610/472 812/200/472
f 775/202/391 774/529/391 782/203/391
f 814/207/473 806/611/473 805/205/473
f 805/205/473 825/206/16 813/532/473
f 771/210/385 770/208/385 778/504/385
f 796/213/388 776/612/388 775/211/388
f 775/211/388 783/613/388 784/212/388
f 786/214/2 788/614/2 787/215/2
f 782/217/474 781/615/474 789/218/474
f 779/496/475 787/221/475 788/222/476
f 778/223/477 777/505/477 786/224/477
f 789/226/385 797/616/385 800/227/385
f 783/231/478 782/229/478 790/497/478
f 781/232/28 793/617/28 797/233/28
f 778/235/479 785/506/479 787/236/479
f 777/238/22 795/618/22 799/239/22
f 789/241/2 792/619/2 791/242/2
f 795/244/480 796/565/480 800/245/480
f 793/247/481 794/620/481 798/248/481
f 799/250/2 800/621/2 797/251/2
f 780/253/482 788/622/482 798/254/482
f 784/256/483 792/623/483 800/257/483
f 786/259/391 799/518/391 798/260/391
f 769/264/384 776/262/384 796/507/384
f 815/265/484 823/519/484 824/266/484
f 772/268/386 794/520/386 793/269/386
f 804/273/1 803/624/1 802/625/1
f 802/625/1 801/626/1 805/271/1
f 805/271/1 806/627/1 807/272/1
f 807/272/1 808/628/1 804/273/1
f 804/273/1 802/625/1 805/271/1
f 810/276/485 803/629/485 804/274/485
f 827/498/485 809/275/485 810/276/485
f 807/277/486 806/508/486 814/278/486
f 802/282/487 803/280/487 810/509/487
f 828/285/488 808/630/488 807/283/488
f 807/283/488 815/631/488 816/284/488
f 818/286/2 820/632/2 819/287/2
f 814/291/489 813/289/489 821/533/489
f 811/292/490 819/633/490 820/293/490
f 810/297/491 809/295/491 818/521/491
f 821/298/487 829/634/487 832/299/487
f 815/301/492 814/635/492 822/302/492
f 813/304/493 825/636/493 829/305/493
f 811/307/494 810/637/494 817/308/494
f 809/310/495 827/638/495 831/311/495
f 824/313/2 823/639/2 822/314/2
f 827/316/496 828/547/496 832/317/496
f 826/319/497 830/640/497 829/320/497
f 831/322/2 832/641/2 829/323/2
f 812/325/498 820/642/498 830/326/498
f 816/328/499 824/643/500 832/329/500
f 820/331/486 818/644/486 831/332/486
f 808/334/501 828/645/501 827/335/501
f 801/337/502 826/646/502 825/338/502
f 858/342/503 833/647/503 834/340/503
f 834/340/503 843/648/503 844/341/503
f 846/345/504 838/649/504 837/343/504
f 837/343/504 857/344/16 845/534/504
f 848/348/505 847/346/505 855/499/505
f 836/351/1 835/551/1 834/650/1
f 834/650/1 833/651/1 837/349/1
f 837/349/1 838/549/1 839/350/1
f 839/350/1 840/550/1 836/351/1
f 836/351/1 834/650/1 837/349/1
f 842/354/506 835/652/506 836/352/506
f 859/353/506 841/653/506 842/354/506
f 838/355/507 846/654/507 847/356/507
f 834/360/508 835/358/508 842/510/508
f 860/363/509 840/655/509 839/361/509
f 839/361/509 847/656/509 848/362/509
f 849/364/2 850/657/2 852/365/2
f 845/367/510 853/522/510 854/368/511
f 844/370/512 843/511/577 851/371/512
f 842/373/513 841/658/513 850/374/513
f 853/376/508 861/659/508 864/377/508
f 847/381/514 846/379/514 854/535/514
f 845/382/515 857/660/515 861/383/515
f 843/385/516 842/661/516 849/386/516
f 841/388/517 859/662/517 863/389/517
f 853/391/2 856/566/2 855/392/2
f 860/536/518 864/395/518 863/396/518
f 858/500/519 862/398/519 861/399/519
f 862/400/2 863/663/2 864/401/2
f 844/403/520 852/664/520 862/404/520
f 848/406/521 856/665/521 864/407/521
f 850/409/507 863/553/507 862/410/507
f 840/412/522 860/666/522 859/413/522
f 837/417/523 833/415/523 858/512/523
f 890/420/524 865/667/524 866/418/524
f 866/418/524 875/668/524 876/419/524
f 878/423/525 870/669/525 869/421/525
f 889/422/525 877/670/525 878/423/525
f 880/424/526 879/513/526 887/425/526
f 868/429/1 867/671/1 866/672/1
f 866/672/1 865/673/1 869/427/1
f 869/427/1 870/674/1 871/428/1
f 871/428/1 872/558/1 868/429/1
f 868/429/1 866/672/1 869/427/1
f 874/432/527 867/675/527 868/430/527
f 891/431/527 873/514/527 874/432/527
f 870/433/528 878/530/528 879/434/528
f 866/436/529 867/515/529 874/437/529
f 892/441/530 872/676/530 871/439/530
f 871/439/530 879/677/530 880/440/530
f 881/442/2 882/678/2 884/443/2
f 877/445/531 885/501/531 886/446/532
f 876/448/533 875/523/534 883/449/534
f 873/537/535 882/452/535 881/453/535
f 885/454/529 893/524/529 896/455/529
f 879/457/537 878/679/537 886/458/537
f 877/460/538 889/680/538 893/461/538
f 874/531/539 881/464/539 883/465/539
f 873/466/540 891/681/540 895/467/540
f 885/469/2 888/682/2 887/470/2
f 892/502/541 896/473/541 895/474/541
f 890/475/542 894/525/542 893/476/542
f 894/478/2 895/683/2 896/479/2
f 876/481/543 884/684/543 894/482/543
f 880/484/544 888/685/544 896/485/544
f 882/487/528 895/686/528 894/488/528
f 872/490/545 892/526/545 891/491/545
f 869/495/546 865/493/546 890/516/546
f 898/166/304 900/595/304 899/167/304
f 900/169/22 904/527/22 903/170/22
f 904/172/303 902/503/303 901/173/303
f 902/175/28 898/596/28 897/176/28
f 903/178/301 901/597/301 897/179/301
f 900/181/302 898/598/302 902/182/302
f 905/539/22 906/687/22 907/688/22
f 907/688/22 908/689/22 909/184/22
f 909/184/22 910/690/22 911/538/22
f 911/538/22 912/691/22 905/539/22
f 905/539/22 907/688/22 909/184/22
f 920/187/311 919/517/311 927/188/311
f 918/192/143 910/604/143 909/190/143
f 929/540/143 917/528/143 918/192/143
f 930/541/159 908/605/159 907/193/159
f 907/193/159 915/606/159 916/194/159
f 914/198/141 906/607/141 905/196/141
f 931/197/141 913/608/141 914/198/141
f 962/542/307 937/609/307 938/199/307
f 938/199/307 947/610/307 948/200/307
f 911/202/139 910/529/139 918/203/139
f 950/207/322 942/611/322 941/205/322
f 961/206/322 949/532/322 950/207/322
f 906/208/137 914/504/137 915/209/137
f 932/213/157 912/612/157 911/211/157
f 911/211/157 919/613/157 920/212/157
f 922/214/28 924/614/28 923/215/28
f 918/217/305 917/615/547 925/218/547
f 915/496/308 923/221/308 924/222/308
f 914/223/310 913/505/309 922/224/309
f 925/226/137 933/616/137 936/227/137
f 919/231/314 918/229/314 926/497/314
f 917/232/1 929/617/1 933/233/1
f 914/235/315 921/506/315 923/236/315
f 913/238/2 931/618/2 935/239/2
f 925/241/28 928/619/28 927/242/28
f 931/244/313 932/565/313 936/245/313
f 929/247/312 930/620/595 934/248/312
f 935/250/28 936/621/28 933/251/28
f 916/253/156 924/622/156 934/254/156
f 920/256/155 928/623/155 936/257/155
f 922/259/139 935/518/139 934/260/139
f 912/262/144 932/507/144 931/263/144
f 952/267/326 951/265/326 959/519/326
f 908/268/138 930/520/138 929/269/138
f 940/545/22 939/692/22 938/693/22
f 938/693/22 937/694/22 941/543/22
f 941/543/22 942/695/22 943/544/22
f 943/544/22 944/696/22 940/545/22
f 940/545/22 938/693/22 941/543/22
f 946/276/306 939/629/306 940/274/306
f 963/498/306 945/275/306 946/276/306
f 943/277/336 942/508/336 950/278/336
f 939/280/337 946/509/337 947/281/337
f 964/546/319 944/630/319 943/283/319
f 943/283/319 951/631/319 952/284/319
f 954/286/28 956/632/28 955/287/28
f 949/289/318 957/533/318 958/290/318
f 947/292/548 955/633/548 956/293/323
f 946/297/324 945/295/324 954/521/324
f 957/298/337 965/634/337 968/299/337
f 951/301/331 950/635/331 958/302/331
f 949/304/549 961/636/549 965/305/549
f 947/307/332 946/637/332 953/308/332
f 945/310/550 963/638/550 967/311/550
f 960/313/28 959/639/28 958/314/28
f 964/547/329 968/317/329 967/318/329
f 962/319/327 966/640/327 965/320/327
f 967/322/28 968/641/28 965/323/28
f 948/325/551 956/642/551 966/326/551
f 952/328/552 960/643/552 968/329/552
f 956/331/336 954/644/336 967/332/336
f 944/334/321 964/645/321 963/335/321
f 937/337/320 962/646/320 961/338/320
f 994/342/339 969/647/339 970/340/339
f 970/340/339 979/648/339 980/341/339
f 982/345/344 974/649/344 973/343/344
f 993/548/344 981/534/344 982/345/344
f 984/348/347 983/346/347 991/499/347
f 972/551/22 971/650/22 970/697/22
f 970/697/22 969/698/22 973/549/22
f 973/549/22 974/699/22 975/550/22
f 975/550/22 976/700/22 972/551/22
f 972/551/22 970/697/22 973/549/22
f 978/354/338 971/652/338 972/352/338
f 995/353/338 977/653/338 978/354/338
f 974/355/357 982/654/357 983/356/357
f 971/358/358 978/510/358 979/359/358
f 996/552/341 976/655/341 975/361/341
f 975/361/341 983/656/341 984/362/341
f 985/364/28 986/657/28 988/365/28
f 981/367/340 989/522/340 990/368/340
f 979/511/345 987/371/345 988/372/345
f 978/373/346 977/658/346 986/374/346
f 989/376/358 997/659/358 1000/377/358
f 983/381/353 982/379/353 990/535/353
f 981/382/556 993/660/556 997/383/556
f 979/385/354 978/661/354 985/386/354
f 977/388/557 995/662/557 999/389/557
f 989/391/28 992/566/28 991/392/28
f 995/394/351 996/536/351 1000/395/351
f 994/500/349 998/398/349 997/399/349
f 998/400/28 999/663/28 1000/401/28
f 980/403/558 988/664/558 998/404/558
f 984/406/559 992/665/559 1000/407/559
f 988/411/357 986/409/357 999/553/357
f 976/412/343 996/666/343 995/413/343
f 969/415/342 994/512/342 993/416/342
f 1026/556/360 1001/667/360 1002/554/360
f 1002/554/360 1011/668/360 1012/555/360
f 1014/423/365 1006/669/365 1005/421/365
f 1025/557/365 1013/670/365 1014/423/365
f 1016/424/560 1015/513/368 1023/425/368
f 1004/560/22 1003/701/22 1002/702/22
f 1002/702/22 1001/703/22 1005/558/22
f 1005/558/22 1006/429/22 1007/559/22
f 1007/559/22 1008/704/22 1004/560/22
f 1004/560/22 1002/702/22 1005/558/22
f 1010/432/359 1003/675/359 1004/430/359
f 1027/561/359 1009/514/359 1010/432/359
f 1006/433/377 1014/530/377 1015/434/377
f 1002/436/378 1003/515/378 1010/437/378
f 1028/564/362 1008/676/362 1007/562/362
f 1007/562/362 1015/677/362 1016/563/362
f 1017/442/28 1018/678/28 1020/443/28
f 1014/447/561 1013/445/561 1021/501/561
f 1011/523/366 1019/449/366 1020/450/366
f 1009/537/562 1018/452/562 1017/453/562
f 1021/454/378 1029/524/378 1032/455/378
f 1015/457/373 1014/679/373 1022/458/373
f 1013/460/563 1025/680/563 1029/461/563
f 1011/463/374 1010/531/374 1017/464/374
f 1009/466/564 1027/681/564 1031/467/564
f 1021/469/28 1024/682/28 1023/470/28
f 1028/502/371 1032/473/371 1031/474/371
f 1025/477/369 1026/475/369 1030/525/369
f 1030/478/28 1031/683/28 1032/479/28
f 1012/481/565 1020/684/565 1030/482/565
f 1016/484/566 1024/685/566 1032/485/566
f 1018/487/377 1031/686/377 1030/488/377
f 1008/490/364 1028/526/364 1027/491/364
f 1001/493/363 1026/516/363 1025/494/363
f 1034/166/470 1036/595/470 1035/167/470
f 1036/169/1 1040/527/1 1039/170/1
f 1040/172/469 1038/503/469 1037/173/469
f 1038/175/2 1034/596/2 1033/176/2
f 1039/178/467 1037/597/467 1033/179/467
f 1036/181/468 1034/598/468 1038/182/468
f 1041/539/1 1042/687/1 1043/688/1
f 1043/688/1 1044/689/1 1045/184/1
f 1045/184/1 1046/690/1 1047/538/1
f 1047/538/1 1048/691/1 1041/539/1
f 1041/539/1 1043/688/1 1045/184/1
f 1056/187/477 1055/517/477 1063/188/477
f 1054/192/388 1046/604/388 1045/190/388
f 1065/540/388 1053/528/388 1054/192/388
f 1066/541/402 1044/605/402 1043/193/402
f 1043/193/402 1051/606/402 1052/194/402
f 1050/198/390 1042/607/390 1041/196/390
f 1067/197/390 1049/608/390 1050/198/390
f 1098/542/473 1073/609/473 1074/199/473
f 1074/199/473 1083/610/473 1084/200/473
f 1047/202/384 1046/529/384 1054/203/384
f 1086/207/488 1078/611/488 1077/205/488
f 1097/206/488 1085/532/488 1086/207/488
f 1042/208/386 1050/504/386 1051/209/386
f 1068/213/404 1048/612/404 1047/211/404
f 1047/211/404 1055/613/404 1056/212/404
f 1058/214/2 1060/614/2 1059/215/2
f 1054/217/471 1053/615/567 1061/218/567
f 1051/496/474 1059/221/474 1060/222/474
f 1050/223/476 1049/505/475 1058/224/475
f 1061/226/386 1069/616/386 1072/227/386
f 1054/229/480 1062/497/480 1063/230/480
f 1053/232/16 1065/617/16 1069/233/16
f 1050/235/481 1057/506/481 1059/236/481
f 1049/238/11 1067/618/11 1071/239/11
f 1061/241/2 1064/619/2 1063/242/2
f 1068/565/568 1072/245/596 1071/246/479
f 1065/247/478 1066/620/478 1070/248/478
f 1071/250/2 1072/621/2 1069/251/2
f 1052/253/400 1060/622/400 1070/254/400
f 1056/256/401 1064/623/401 1072/257/401
f 1058/259/384 1071/518/384 1070/260/384
f 1048/262/385 1068/507/385 1067/263/385
f 1088/267/491 1087/265/491 1095/519/491
f 1044/268/391 1066/520/391 1065/269/391
f 1076/545/1 1075/692/1 1074/693/1
f 1074/693/1 1073/694/1 1077/543/1
f 1077/543/1 1078/695/1 1079/544/1
f 1079/544/1 1080/696/1 1076/545/1
f 1076/545/1 1074/693/1 1077/543/1
f 1082/276/472 1075/629/472 1076/274/472
f 1099/498/472 1081/275/472 1082/276/472
f 1079/277/501 1078/508/501 1086/278/501
f 1075/280/502 1082/509/502 1083/281/502
f 1100/546/485 1080/630/485 1079/283/485
f 1079/283/485 1087/631/485 1088/284/485
f 1090/286/2 1092/632/2 1091/287/2
f 1085/289/484 1093/533/597 1094/290/484
f 1083/292/489 1091/633/598 1092/293/489
f 1081/295/490 1090/521/490 1089/296/490
f 1093/298/502 1101/634/502 1104/299/502
f 1087/301/496 1086/635/496 1094/302/496
f 1085/304/569 1097/636/569 1101/305/569
f 1083/307/497 1082/637/497 1089/308/497
f 1081/310/571 1099/638/571 1103/311/571
f 1096/313/2 1095/639/2 1094/314/2
f 1099/316/494 1100/547/494 1104/317/494
f 1098/319/492 1102/640/492 1101/320/492
f 1103/322/2 1104/641/2 1101/323/2
f 1084/325/572 1092/642/572 1102/326/572
f 1088/328/573 1096/643/574 1104/329/574
f 1092/331/501 1090/644/501 1103/332/501
f 1080/334/487 1100/645/487 1099/335/487
f 1073/337/486 1098/646/486 1097/338/486
f 1130/342/575 1105/647/504 1106/340/504
f 1106/340/504 1115/648/504 1116/341/504
f 1118/345/509 1110/649/509 1109/343/509
f 1129/548/509 1117/534/509 1118/345/509
f 1120/348/513 1119/346/513 1127/499/513
f 1108/551/1 1107/650/1 1106/697/1
f 1106/697/1 1105/698/1 1109/549/1
f 1109/549/1 1110/699/1 1111/550/1
f 1111/550/1 1112/700/1 1108/551/1
f 1108/551/1 1106/697/1 1109/549/1
f 1114/354/503 1107/652/503 1108/352/503
f 1131/353/503 1113/653/503 1114/354/503
f 1110/355/522 1118/654/522 1119/356/522
f 1107/358/523 1114/510/523 1115/359/523
f 1132/552/506 1112/655/506 1111/361/506
f 1111/361/506 1119/656/506 1120/362/506
f 1121/364/2 1122/657/2 1124/365/2
f 1117/367/576 1125/522/576 1126/368/576
f 1115/511/510 1123/371/510 1124/372/510
f 1114/373/512 1113/658/512 1122/374/512
f 1125/376/523 1133/659/523 1136/377/523
f 1118/379/518 1126/535/518 1127/380/518
f 1117/382/578 1129/660/578 1133/383/578
f 1115/385/519 1114/661/519 1121/386/519
f 1113/388/579 1131/662/579 1135/389/579
f 1128/566/2 1127/392/2 1126/393/2
f 1131/394/516 1132/536/516 1136/395/516
f 1130/500/514 1134/398/514 1133/399/514
f 1134/400/2 1135/663/2 1136/401/2
f 1116/403/580 1124/664/580 1134/404/580
f 1120/406/581 1128/665/581 1136/407/581
f 1122/409/522 1135/553/522 1134/410/522
f 1112/412/508 1132/666/508 1131/413/508
f 1105/415/507 1130/512/507 1129/416/507
f 1162/556/525 1137/667/525 1138/554/525
f 1138/554/525 1147/668/525 1148/555/525
f 1150/423/530 1142/669/530 1141/421/530
f 1161/557/530 1149/670/530 1150/423/530
f 1151/513/536 1159/425/536 1160/426/535
f 1140/560/1 1139/701/1 1138/702/1
f 1138/702/1 1137/703/1 1141/558/1
f 1141/558/1 1142/429/1 1143/559/1
f 1143/559/1 1144/704/1 1140/560/1
f 1140/560/1 1138/702/1 1141/558/1
f 1146/432/524 1139/675/524 1140/430/524
f 1163/561/524 1145/514/524 1146/432/524
f 1142/433/545 1150/530/545 1151/434/545
f 1138/436/546 1139/515/546 1146/437/546
f 1164/564/527 1144/676/527 1143/562/527
f 1143/562/527 1151/677/527 1152/563/527
f 1153/442/2 1154/678/2 1156/443/2
f 1149/445/582 1157/501/582 1158/446/582
f 1148/448/532 1147/523/532 1155/449/532
f 1145/537/533 1154/452/533 1153/453/533
f 1157/454/546 1165/524/546 1168/455/546
f 1151/457/541 1150/679/541 1158/458/541
f 1149/460/583 1161/680/583 1165/461/583
f 1146/531/542 1153/464/542 1155/465/542
f 1145/466/584 1163/681/584 1167/467/584
f 1157/469/2 1160/682/2 1159/470/2
f 1164/502/539 1168/473/539 1167/474/539
f 1161/477/537 1162/475/537 1166/525/537
f 1166/478/2 1167/683/2 1168/479/2
f 1148/481/585 1156/684/585 1166/482/585
f 1152/484/586 1160/685/586 1168/485/586
f 1154/487/545 1167/686/545 1166/488/545
f 1144/490/529 1164/526/529 1163/491/529
f 1137/493/528 1162/516/528 1161/494/528
